catalogue_id,full_name,current_full_name,html_url,current_url,description,description_de,primary_category,category_label_en,category_label_de,scope_status,record_status,redirects_to,github_repository_id,github_status,homepage_url,is_archived,is_disabled,is_fork,default_branch,primary_language,license_spdx,topics,stargazers_count,forks_count,open_issues_count,created_at,pushed_at,updated_at,snapshot_date,github_metadata_captured_at
GHIAO-0001,MiniDraco/musical-instruments-master-list,MiniDraco/musical-instruments-master-list,https://github.com/MiniDraco/musical-instruments-master-list,https://github.com/MiniDraco/musical-instruments-master-list,"8,240-entry master list of musical instruments (4,448 unique), Hornbostel–Sachs classified, sourced per row. Available as CSV, JSON, SQLite, XLSX, TXT, and PDF.",Maschinenlesbare Masterliste von Musikinstrumenten mit Hornbostel-Sachs-Bezügen.,organology_and_instrument_knowledge,Organology and instrument knowledge,Organologie und Instrumentenwissen,core,active,,1284816592,available,,False,False,False,main,,NOASSERTION,"[""csv"",""dataset"",""ethnomusicology"",""hornbostel-sachs"",""json"",""music"",""musical-instruments"",""open-data"",""organology"",""sqlite""]",0,0,0,2026-06-30T08:13:49Z,2026-06-30T08:13:55Z,2026-06-30T09:35:05Z,2026-08-22,2026-08-25T15:30:14Z
GHIAO-0002,modavis-project/musical-instrument-classes,modavis-project/musical-instrument-classes,https://github.com/modavis-project/musical-instrument-classes,https://github.com/modavis-project/musical-instrument-classes,JSON Databases for Musical Instrument Classifications based on the Hornbostel-Sachs System and Translations for Musical Instruments.,JSON-Datenbanken zur Hornbostel-Sachs-Klassifikation und zu mehrsprachigen Instrumentennamen.,organology_and_instrument_knowledge,Organology and instrument knowledge,Organologie und Instrumentenwissen,core,active,,677294802,available,,False,False,False,main,Python,CC0-1.0,"[""classes"",""classification"",""hornbostel"",""json"",""musical-instruments"",""sachs"",""translations""]",7,0,0,2023-08-11T08:01:46Z,2023-08-11T10:53:34Z,2026-07-26T20:48:37Z,2026-08-22,2026-08-25T15:30:14Z
GHIAO-0003,polifonia-project/music-instrument-ontology,polifonia-project/music-instrument-ontology,https://github.com/polifonia-project/music-instrument-ontology,https://github.com/polifonia-project/music-instrument-ontology,This repository contains the Instruments ontology module of the Polifonia ontology network.,Ontologie zur semantischen Beschreibung von Musikinstrumenten.,organology_and_instrument_knowledge,Organology and instrument knowledge,Organologie und Instrumentenwissen,core,active,,396144128,available,,False,False,False,main,,CC-BY-4.0,[],4,0,0,2021-08-14T22:12:21Z,2023-10-19T07:49:01Z,2025-03-31T12:10:00Z,2026-08-22,2026-08-25T15:30:14Z
GHIAO-0004,NatLibFi/seko,NatLibFi/SEKO,https://github.com/NatLibFi/seko,https://github.com/NatLibFi/SEKO,Translation project of the Finnish SEKO vocabulary,"Organologie, Instrumententaxonomie, Ontologien oder Sammlungsdaten.",organology_and_instrument_knowledge,Organology and instrument knowledge,Organologie und Instrumentenwissen,core,active,,540846033,available,https://natlibfi.github.io/SEKO/,False,False,False,main,,,[],3,0,138,2022-09-24T13:54:44Z,2026-08-16T16:35:17Z,2026-08-16T16:35:29Z,2026-08-22,2026-08-25T15:30:14Z
GHIAO-0005,philharmoniedeparis/mimo,philharmoniedeparis/mimo,https://github.com/philharmoniedeparis/mimo,https://github.com/philharmoniedeparis/mimo,MIMO tools & data,Linked-Open-Data- und Vokabularwerkzeuge von Musical Instruments Museums Online.,organology_and_instrument_knowledge,Organology and instrument knowledge,Organologie und Instrumentenwissen,core,active,,32071255,available,http://www.mimo-international.com,False,False,False,master,XSLT,,[],9,4,10,2015-03-12T10:33:02Z,2026-03-20T08:44:31Z,2026-03-20T08:44:36Z,2026-08-22,2026-08-25T15:30:14Z
GHIAO-0006,digital-organology/hmsm,digital-organology/hmsm,https://github.com/digital-organology/hmsm,https://github.com/digital-organology/hmsm,Tools for image based MIDI generation from historical music storage media,Bildbasierte Digitalisierung historischer Musik-Speichermedien und MIDI-Erzeugung.,organology_and_instrument_knowledge,Organology and instrument knowledge,Organologie und Instrumentenwissen,core,active,,645392588,available,https://organology.uni-leipzig.de/,False,False,False,main,Python,GPL-3.0,"[""image-processing"",""musicology"",""scientific-research""]",0,0,0,2023-05-25T14:46:49Z,2024-10-30T13:54:51Z,2024-10-30T13:54:55Z,2026-08-22,2026-08-25T15:30:14Z
GHIAO-0007,metabrainz/irombook-instrument-images,metabrainz/irombook-instrument-images,https://github.com/metabrainz/irombook-instrument-images,https://github.com/metabrainz/irombook-instrument-images,Stores free instrument images made by IROMBOOK and available from their websites,"Organologie, Instrumententaxonomie, Ontologien oder Sammlungsdaten.",organology_and_instrument_knowledge,Organology and instrument knowledge,Organologie und Instrumentenwissen,core,active,,311750849,available,,False,False,False,master,,NOASSERTION,"[""images"",""music-instruments""]",5,1,0,2020-11-10T18:33:17Z,2026-01-30T09:28:45Z,2026-01-30T09:28:50Z,2026-08-22,2026-08-25T15:30:14Z
GHIAO-0008,alexarje/A-NIME-Reader,alexarje/A-NIME-Reader,https://github.com/alexarje/A-NIME-Reader,https://github.com/alexarje/A-NIME-Reader,"Source files for the anthology ""A NIME Reader Fifteen Years of New Interfaces for Musical Expression""",Quelltexte der Anthologie zu fünfzehn Jahren Forschung an neuen Schnittstellen für musikalischen Ausdruck.,meta_resources,Curated lists and meta-resources,Kuratierte Listen und Meta-Ressourcen,core,active,,113361317,available,,False,False,False,master,PostScript,,"[""anthology"",""csound"",""expression"",""hci"",""instrument"",""interfaces"",""latex"",""max"",""music"",""musical"",""musical-instruments"",""nime"",""puredata"",""springer"",""supercollider""]",22,2,0,2017-12-06T19:58:00Z,2018-09-02T16:25:42Z,2025-07-02T23:33:20Z,2026-08-22,2026-08-25T15:30:14Z
GHIAO-0009,thegoose20/diss,thegoose20/diss,https://github.com/thegoose20/diss,https://github.com/thegoose20/diss,Design Informatics Dissertation Visualizations,"Organologie, Instrumententaxonomie, Ontologien oder Sammlungsdaten.",organology_and_instrument_knowledge,Organology and instrument knowledge,Organologie und Instrumentenwissen,core,active,,168156336,available,https://ljhavens.myportfolio.com/physically-encoding-collection-metadata,False,False,False,master,Jupyter Notebook,,"[""collections-as-data"",""data-physicalization"",""data-visualization"",""museum"",""musical-instruments"",""physicalization"",""visualization""]",0,0,0,2019-01-29T13:08:13Z,2020-05-18T10:46:34Z,2022-03-25T11:45:37Z,2026-08-22,2026-08-25T15:30:14Z
GHIAO-0010,Intelligent-Instruments-Lab/intelligent-instruments-lab.github.io,Intelligent-Instruments-Lab/intelligent-instruments-lab.github.io,https://github.com/Intelligent-Instruments-Lab/intelligent-instruments-lab.github.io,https://github.com/Intelligent-Instruments-Lab/intelligent-instruments-lab.github.io,Homepage for documentation of IIL GitHub repositories,Dokumentations- und Übersichtsseite für die Projekte des Intelligent Instruments Lab.,meta_resources,Curated lists and meta-resources,Kuratierte Listen und Meta-Ressourcen,core,active,,722272047,available,https://intelligent-instruments-lab.github.io/,False,False,False,main,,MIT,"[""artificial-intelligence"",""creative-coding"",""machine-learning"",""music"",""musical-instruments""]",1,0,0,2023-11-22T19:37:47Z,2023-11-22T21:18:27Z,2023-11-23T03:28:18Z,2026-08-22,2026-08-25T15:30:14Z
GHIAO-0011,davidfuhry/msc_thesis,davidfuhry/msc_thesis,https://github.com/davidfuhry/msc_thesis,https://github.com/davidfuhry/msc_thesis,Source repository for David Fuhrys master thesis on Image Based Digitization of Historical Music Storage Media,"Organologie, Instrumententaxonomie, Ontologien oder Sammlungsdaten.",organology_and_instrument_knowledge,Organology and instrument knowledge,Organologie und Instrumentenwissen,core,active,,512912632,available,,False,False,False,main,TeX,,"[""image-processing"",""latex"",""musicology"",""scientific-research""]",0,0,0,2022-07-11T21:24:11Z,2023-06-04T12:40:29Z,2023-06-04T11:21:09Z,2026-08-22,2026-08-25T15:30:14Z
GHIAO-0012,hugofloresgarcia/music-trees,hugofloresgarcia/music-trees,https://github.com/hugofloresgarcia/music-trees,https://github.com/hugofloresgarcia/music-trees,Supplementary code for the experiments described in the 2021 ISMIR submission: Leveraging Hierarchical Structures for Few Shot Musical Instrument Recognition.,Hierarchische Lernverfahren für die Few-Shot-Erkennung von Musikinstrumenten.,instrument_recognition_and_datasets,"Instrument recognition, transcription, and datasets","Instrumentenerkennung, Transkription und Datensätze",core,active,,335755141,available,,False,False,False,main,Jupyter Notebook,MIT,[],41,3,2,2021-02-03T21:06:24Z,2022-08-12T16:19:51Z,2025-03-22T13:05:51Z,2026-08-22,2026-08-25T15:30:14Z
GHIAO-0013,bdasgupta027/musical_instruments,bdasgupta027/musical_instruments,https://github.com/bdasgupta027/musical_instruments,https://github.com/bdasgupta027/musical_instruments,,"Organologie, Instrumententaxonomie, Ontologien oder Sammlungsdaten.",organology_and_instrument_knowledge,Organology and instrument knowledge,Organologie und Instrumentenwissen,core,active,,553261028,available,,False,False,False,main,JavaScript,,[],1,0,1,2022-10-18T00:48:32Z,2022-12-08T11:13:12Z,2024-06-19T23:36:34Z,2026-08-22,2026-08-25T15:30:14Z
GHIAO-0014,comma-lab/timbre-resources,comma-lab/timbre-resources,https://github.com/comma-lab/timbre-resources,https://github.com/comma-lab/timbre-resources,,"Kuratiertes Verzeichnis von Werkzeugen, Datensätzen, Literatur und weiteren Ressourcen zur Klangfarbe.",meta_resources,Curated lists and meta-resources,Kuratierte Listen und Meta-Ressourcen,core,active,,718741395,available,,False,False,False,main,,,[],38,2,0,2023-11-14T17:52:25Z,2023-11-17T12:49:06Z,2026-02-22T21:59:25Z,2026-08-22,2026-08-25T15:30:14Z
GHIAO-0015,Puara/GuitarAMI,Puara/GuitarAMI,https://github.com/Puara/GuitarAMI,https://github.com/Puara/GuitarAMI,The GuitarAMI is an Augmented Musical Instrument (AMI) using an acoustic guitar. The AMI is part of the Puara framework.,"Entwurf, Hardware oder Steuerung physischer beziehungsweise augmentierter Musikinstrumente.",instrument_design_and_hardware,"Instrument design, hardware, and augmented instruments","Instrumentendesign, Hardware und augmentierte Instrumente",core,active,,434967761,available,,False,False,False,main,C++,,[],3,1,3,2021-12-04T17:37:33Z,2026-04-17T15:27:52Z,2026-03-02T18:55:25Z,2026-08-22,2026-08-25T15:30:14Z
GHIAO-0016,olivecha/guitarsounds,olivecha/guitarsounds,https://github.com/olivecha/guitarsounds,https://github.com/olivecha/guitarsounds,python library to analyse guitar sounds,Python-Paket zur akustischen Analyse von Gitarrenklängen für Forschung im Instrumentenbau.,musical_instrument_acoustics,Musical instrument acoustics,Musikinstrumentenakustik,core,active,,368305237,available,,False,False,False,main,Python,MIT,[],9,0,1,2021-05-17T19:49:47Z,2023-02-09T01:00:43Z,2026-01-25T07:29:58Z,2026-08-22,2026-08-25T15:30:14Z
GHIAO-0017,pitchoilcan/Digidrumduino,pitchoilcan/Digidrumduino,https://github.com/pitchoilcan/Digidrumduino,https://github.com/pitchoilcan/Digidrumduino,An electronic steeldrum (Steelpan),"Entwurf, Hardware oder Steuerung physischer beziehungsweise augmentierter Musikinstrumente.",instrument_design_and_hardware,"Instrument design, hardware, and augmented instruments","Instrumentendesign, Hardware und augmentierte Instrumente",core,active,,58428228,available,https://digitalsteelpan.blogspot.com/,False,False,False,master,C++,CC0-1.0,"[""arduino"",""midi"",""musical-instruments"",""piezo"",""sensor"",""steelpan"",""tones""]",0,0,0,2016-05-10T03:51:40Z,2020-09-20T02:41:06Z,2020-09-20T02:41:08Z,2026-08-22,2026-08-25T15:30:14Z
GHIAO-0018,reppr/pulses,reppr/pulses,https://github.com/reppr/pulses,https://github.com/reppr/pulses,harmonical music instrument using ESP32,"Entwurf, Hardware oder Steuerung physischer beziehungsweise augmentierter Musikinstrumente.",instrument_design_and_hardware,"Instrument design, hardware, and augmented instruments","Instrumentendesign, Hardware und augmentierte Instrumente",core,active,,8407157,available,,False,False,False,master,C,,"[""arduino"",""esp32"",""harmonical"",""interactive-art-projects"",""musical-instruments"",""synchronised-interactive-landscapes""]",4,0,4,2013-02-25T10:34:59Z,2025-06-03T13:31:26Z,2025-06-03T13:31:28Z,2026-08-22,2026-08-25T15:30:14Z
GHIAO-0019,f-atwi/Stylophone,f-atwi/Stylophone,https://github.com/f-atwi/Stylophone,https://github.com/f-atwi/Stylophone,Proteus circuit design and implementation of a stylophone,"Entwurf, Hardware oder Steuerung physischer beziehungsweise augmentierter Musikinstrumente.",instrument_design_and_hardware,"Instrument design, hardware, and augmented instruments","Instrumentendesign, Hardware und augmentierte Instrumente",core,active,,213588121,available,,False,False,False,master,,,"[""555-timer"",""electronics"",""music"",""music-instruments"",""pcb-design"",""pcbway"",""proteus"",""proteus-v8"",""stylophone"",""toy-organ""]",0,0,0,2019-10-08T08:25:50Z,2021-05-10T09:20:03Z,2021-05-10T09:22:05Z,2026-08-22,2026-08-25T15:30:14Z
GHIAO-0020,striso/striso-control-firmware,striso/striso-control-firmware,https://github.com/striso/striso-control-firmware,https://github.com/striso/striso-control-firmware,Firmware for the Striso board,"Entwurf, Hardware oder Steuerung physischer beziehungsweise augmentierter Musikinstrumente.",instrument_design_and_hardware,"Instrument design, hardware, and augmented instruments","Instrumentendesign, Hardware und augmentierte Instrumente",core,active,,230541078,available,https://www.striso.org,False,False,False,main,C,GPL-3.0,"[""firmware"",""midi-controller"",""mpe"",""music-instruments""]",27,8,3,2019-12-28T01:17:02Z,2026-01-01T16:01:15Z,2026-06-12T18:21:30Z,2026-08-22,2026-08-25T15:30:14Z
GHIAO-0021,sandrolab/Coda-88,sandrolab/Coda-88,https://github.com/sandrolab/Coda-88,https://github.com/sandrolab/Coda-88,Minimal piano sound module with dynamics based on Arduino and WAV Trigger,"Entwurf, Hardware oder Steuerung physischer beziehungsweise augmentierter Musikinstrumente.",instrument_design_and_hardware,"Instrument design, hardware, and augmented instruments","Instrumentendesign, Hardware und augmentierte Instrumente",core,active,,504669277,available,https://youtu.be/3IshDsRlHGw,False,False,False,main,C++,MIT,"[""arduino"",""midi"",""music-instruments"",""piano"",""sampler"",""wav-trigger""]",57,7,0,2022-06-17T20:53:08Z,2024-02-18T23:08:11Z,2026-04-10T23:22:35Z,2026-08-22,2026-08-25T15:30:14Z
GHIAO-0022,sichengchen/theremin,sichengchen/theremin,https://github.com/sichengchen/theremin,https://github.com/sichengchen/theremin,A browser-based Theremin controlled with hand tracking.,"Entwurf, Hardware oder Steuerung physischer beziehungsweise augmentierter Musikinstrumente.",instrument_design_and_hardware,"Instrument design, hardware, and augmented instruments","Instrumentendesign, Hardware und augmentierte Instrumente",core,active,,1255581325,available,https://theremin.scchan.moe,False,False,False,main,TypeScript,MIT,"[""musical-instrument"",""theremin""]",0,0,0,2026-06-01T01:39:37Z,2026-06-01T16:35:07Z,2026-06-01T16:39:24Z,2026-08-22,2026-08-25T15:30:14Z
GHIAO-0023,bzelban/Theremin-AI,bzelban/Theremin-AI,https://github.com/bzelban/Theremin-AI,https://github.com/bzelban/Theremin-AI,Recreation of an instrument with Computer Vision and Deep Learning,"Entwurf, Hardware oder Steuerung physischer beziehungsweise augmentierter Musikinstrumente.",instrument_design_and_hardware,"Instrument design, hardware, and augmented instruments","Instrumentendesign, Hardware und augmentierte Instrumente",core,active,,317256130,available,,False,False,False,main,Python,,[],2,1,0,2020-11-30T14:54:21Z,2022-02-17T07:49:57Z,2025-01-13T22:23:48Z,2026-08-22,2026-08-25T15:30:14Z
GHIAO-0024,bb82dabn/laserharp,bb82dabn/laserharp,https://github.com/bb82dabn/laserharp,https://github.com/bb82dabn/laserharp,"Browser laser harp and native VST3 instrument with mouse, keyboard, and MIDI string control.","Entwurf, Hardware oder Steuerung physischer beziehungsweise augmentierter Musikinstrumente.",instrument_design_and_hardware,"Instrument design, hardware, and augmented instruments","Instrumentendesign, Hardware und augmentierte Instrumente",core,active,,1198590849,available,https://bb82dabn.github.io/laserharp/,False,False,False,master,HTML,,"[""docker"",""docker-compose"",""javascript"",""music"",""real-time"",""virtual-instrument"",""web-audio""]",0,0,0,2026-04-01T15:09:18Z,2026-06-30T23:53:42Z,2026-06-30T23:53:45Z,2026-08-22,2026-08-25T15:30:14Z
GHIAO-0025,Nikelroid/dastan-gesture-guitar,Nikelroid/dastan-gesture-guitar,https://github.com/Nikelroid/dastan-gesture-guitar,https://github.com/Nikelroid/dastan-gesture-guitar,"🎸 Play guitar with your bare hands — webcam gesture chords, Persian & flamenco rhythms, a theremin-style melody hand, and in-browser recording. One dependency-free HTML file.","Entwurf, Hardware oder Steuerung physischer beziehungsweise augmentierter Musikinstrumente.",instrument_design_and_hardware,"Instrument design, hardware, and augmented instruments","Instrumentendesign, Hardware und augmentierte Instrumente",core,active,,1264808707,available,,False,False,False,main,HTML,MIT,"[""gesture-recognition"",""guitar"",""hand-tracking"",""karplus-strong"",""mediapipe"",""music"",""persian-music"",""theremin"",""vanilla-javascript"",""virtual-instrument"",""web-audio-api"",""webcam""]",0,0,0,2026-06-10T07:43:59Z,2026-06-13T00:47:39Z,2026-06-13T00:47:42Z,2026-08-22,2026-08-25T15:30:14Z
GHIAO-0026,YeshiNamkhai/ResonatingWithYou,YeshiNamkhai/ResonatingWithYou,https://github.com/YeshiNamkhai/ResonatingWithYou,https://github.com/YeshiNamkhai/ResonatingWithYou,"This repository offers an immersive sound experience designed to help people truly understand themself and their perception of the world. It is intended for reflective individuals, those familiar with meditation, and researchers who wish to experience their work through the depth of sound.",Skripte für datenbezogene Sonifikation und immersive quadrophonische Klangräume.,spatial_audio_and_auralization,Spatial audio and auralization,Räumliches Audio und Auralisierung,core,active,,1168588851,available,,False,False,False,main,Python,,[],12,1,0,2026-02-27T15:09:39Z,2026-04-03T08:21:47Z,2026-04-10T21:16:43Z,2026-08-22,2026-08-25T15:30:14Z
GHIAO-0027,PlayNoise/PlayNoise.js,PlayNoise/PlayNoise.js,https://github.com/PlayNoise/PlayNoise.js,https://github.com/PlayNoise/PlayNoise.js,Creating music with the browser.  From Speech to Musical Instrument,"Entwurf, Hardware oder Steuerung physischer beziehungsweise augmentierter Musikinstrumente.",instrument_design_and_hardware,"Instrument design, hardware, and augmented instruments","Instrumentendesign, Hardware und augmentierte Instrumente",core,active,,870285392,available,https://playnoise.org,False,False,False,main,JavaScript,Apache-2.0,"[""browser"",""music"",""speech-processing"",""speech-synthesis""]",11,5,26,2024-10-09T19:04:31Z,2025-02-19T20:20:53Z,2026-05-08T21:49:39Z,2026-08-22,2026-08-25T15:30:14Z
GHIAO-0028,nicorobo/Harmidi,nicorobo/Harmidi,https://github.com/nicorobo/Harmidi,https://github.com/nicorobo/Harmidi,"Harmidi is an in-browser MIDI controller that turns your computer keyboard into a multi-instrument workstation. Built for traveling musicians and harmony magicians, it offers a flexible and intuitive way to explore musical ideas while on the go or in the studio.","Entwurf, Hardware oder Steuerung physischer beziehungsweise augmentierter Musikinstrumente.",instrument_design_and_hardware,"Instrument design, hardware, and augmented instruments","Instrumentendesign, Hardware und augmentierte Instrumente",core,active,,707487578,available,https://nicorobo.github.io/Harmidi/,False,False,False,main,TypeScript,,"[""midi"",""midi-"",""midi-events"",""music"",""music-composition"",""musical-instrument""]",2,0,0,2023-10-20T02:29:03Z,2024-02-27T22:51:13Z,2025-11-20T21:59:02Z,2026-08-22,2026-08-25T15:30:14Z
GHIAO-0029,MustafaLotfi/Paper-Piano,MustafaLotfi/Paper-Piano,https://github.com/MustafaLotfi/Paper-Piano,https://github.com/MustafaLotfi/Paper-Piano,"Using this program, you can play or control music by hand gesture. Also you can play a Paper Piano.","Entwurf, Hardware oder Steuerung physischer beziehungsweise augmentierter Musikinstrumente.",instrument_design_and_hardware,"Instrument design, hardware, and augmented instruments","Instrumentendesign, Hardware und augmentierte Instrumente",core,active,,582286333,available,,False,False,False,main,Python,Apache-2.0,"[""ai-music-box"",""ai-piano"",""augmented-reality"",""cool-project"",""hand-landmarks"",""hand-tracking"",""mediapipe"",""music-instruments"",""music-player"",""opencv"",""paper-piano"",""piano"",""piano-keyboard"",""virtual-keyboard"",""virtual-music-keyboard"",""virtual-music-studio"",""virtual-reality""]",94,8,0,2022-12-26T10:39:19Z,2026-08-01T08:09:35Z,2026-08-01T08:09:49Z,2026-08-22,2026-08-25T15:30:14Z
GHIAO-0030,ViGAWorld-FR/ViGAWorld-ViGAPhone,ViGAWorld-FR/ViGAWorld-ViGAPhone,https://github.com/ViGAWorld-FR/ViGAWorld-ViGAPhone,https://github.com/ViGAWorld-FR/ViGAWorld-ViGAPhone,**ViGAPhone Synth Lab est un synthétiseur MIDI-MPE/VST3 réaliste d'instruments de musique et un outil pour les accordeurs de pianos. **ViGAPhone Synth Lab is a realistic musical instrument MIDI-MPE/VST3 synthesizer and a tool for piano-tuners and technicians.,MIDI-MPE- und VST3-Synthesizer für realistische Instrumentenklänge mit Funktionen für Klavierstimmung und -technik.,virtual_instruments_and_synthesis,Virtual instruments and sound synthesis,Virtuelle Instrumente und Synthese,core,active,,1082743737,available,https://vigaworld-fr.github.io/ViGAWorld-ViGAPhone/,False,False,False,main,HTML,NOASSERTION,"[""android"",""electronic-piano-tuning"",""linux"",""midi"",""musical-instruments"",""physical-modeling-synthesis"",""piano"",""piano-tuners"",""sound-design"",""synthesizer"",""tuner"",""vst3"",""vst3-plugin"",""windows""]",5,0,0,2025-10-24T17:44:52Z,2026-08-18T14:49:29Z,2026-08-18T14:53:29Z,2026-08-22,2026-08-25T15:30:14Z
GHIAO-0031,sozbtn/physical-modelling-percussion-instrument,sozbtn/physical-modelling-percussion-instrument,https://github.com/sozbtn/physical-modelling-percussion-instrument,https://github.com/sozbtn/physical-modelling-percussion-instrument,"digital percussion instrument based on physical modelling synthesis, using sensel morph","Entwurf, Hardware oder Steuerung physischer beziehungsweise augmentierter Musikinstrumente.",instrument_design_and_hardware,"Instrument design, hardware, and augmented instruments","Instrumentendesign, Hardware und augmentierte Instrumente",core,active,,156390496,available,,False,False,False,master,Faust,,"[""faust"",""pure-data"",""sensel-morph""]",13,0,0,2018-11-06T13:48:30Z,2020-04-24T08:27:33Z,2026-03-12T16:24:45Z,2026-08-22,2026-08-25T15:30:14Z
GHIAO-0032,SMCFY/DrumMachine,SMCFY/DrumMachine,https://github.com/SMCFY/DrumMachine,https://github.com/SMCFY/DrumMachine,Analysis and synthesis of percussion sounds with banded digital waveguide mesh,Analyse und Synthese von Schlagzeugklängen mit einem bandbegrenzten digitalen Wellenleiternetz.,virtual_instruments_and_synthesis,Virtual instruments and sound synthesis,Virtuelle Instrumente und Synthese,core,active,,84572771,available,,False,False,False,master,Max,,[],5,1,0,2017-03-10T15:18:34Z,2017-06-01T15:37:28Z,2025-08-30T17:49:35Z,2026-08-22,2026-08-25T15:30:14Z
GHIAO-0033,SMCFY/fiddl,SMCFY/fiddl,https://github.com/SMCFY/fiddl,https://github.com/SMCFY/fiddl,"Sample based software instrument with real-time sound manipulation, utilizing touch gestures","Entwurf, Hardware oder Steuerung physischer beziehungsweise augmentierter Musikinstrumente.",instrument_design_and_hardware,"Instrument design, hardware, and augmented instruments","Instrumentendesign, Hardware und augmentierte Instrumente",core,active,,102650960,available,,False,False,False,master,C++,,[],5,1,0,2017-09-06T19:42:27Z,2020-04-07T15:37:17Z,2021-12-28T00:53:01Z,2026-08-22,2026-08-25T15:30:14Z
GHIAO-0034,hughpyle/directsynth,hughpyle/directsynth,https://github.com/hughpyle/directsynth,https://github.com/hughpyle/directsynth,Additive synthesizer for Teensy,"Entwurf, Hardware oder Steuerung physischer beziehungsweise augmentierter Musikinstrumente.",instrument_design_and_hardware,"Instrument design, hardware, and augmented instruments","Instrumentendesign, Hardware und augmentierte Instrumente",core,active,,8255115,available,,False,False,False,master,C,MIT,[],13,3,0,2013-02-17T19:15:05Z,2013-02-18T02:30:17Z,2024-12-21T00:38:08Z,2026-08-22,2026-08-25T15:30:14Z
GHIAO-0035,kimhinton/keystrum,kimhinton/keystrum,https://github.com/kimhinton/keystrum,https://github.com/kimhinton/keystrum,"Practice guitar chords without a guitar — in your browser. Strum 6 chords on your QWERTY keyboard. 4 rows = 4 strings, 6 columns = 6 chords. Karplus-Strong synthesis, strum detection, 3 folk songs. For beginners, DAW producers, teachers. MIT.","Entwurf, Hardware oder Steuerung physischer beziehungsweise augmentierter Musikinstrumente.",instrument_design_and_hardware,"Instrument design, hardware, and augmented instruments","Instrumentendesign, Hardware und augmentierte Instrumente",core,active,,1212142545,available,https://keystrum.app,False,False,False,main,TypeScript,MIT,"[""capacitor"",""chord-trainer"",""guitar-chords"",""karplus-strong"",""music-education"",""nextjs"",""pwa"",""qwerty-instrument"",""react"",""typescript"",""web-audio"",""web-audio-api""]",3,0,14,2026-04-16T05:19:52Z,2026-07-15T07:44:52Z,2026-06-29T10:13:58Z,2026-08-22,2026-08-25T15:30:14Z
GHIAO-0036,GareBear99/Instrudio,GareBear99/Instrudio,https://github.com/GareBear99/Instrudio,https://github.com/GareBear99/Instrudio,"4 free VST3/AU synth plugins — physically modeled violin, piano, harp & bongos. Native JUCE DSP. MIDI input. Themed UI. Single-source-of-truth architecture.","Sammlung physikalisch modellierter Software-Instrumente für Violine, Klavier, Harfe und Bongos.",virtual_instruments_and_synthesis,Virtual instruments and sound synthesis,Virtuelle Instrumente und Synthese,core,active,,1186831431,available,https://garebear99.github.io/Instrudio/Instrudio_v2/,False,False,False,main,HTML,,"[""audio-plugin"",""audio-unit"",""daw"",""free-plugin"",""instrument"",""juce"",""midi"",""music"",""open-source"",""physical-modeling"",""synthesizer"",""vst"",""vst3"",""web-audio""]",6,1,1,2026-03-20T03:12:14Z,2026-07-01T19:57:15Z,2026-08-17T08:14:49Z,2026-08-22,2026-08-25T15:30:14Z
GHIAO-0037,thestk/stk,thestk/stk,https://github.com/thestk/stk,https://github.com/thestk/stk,The Synthesis ToolKit in C++ (STK) is a set of open source audio signal processing and algorithmic synthesis classes written in the C++ programming language.,Synthesis ToolKit mit zahlreichen physikalisch modellierten Musikinstrumenten.,virtual_instruments_and_synthesis,Virtual instruments and sound synthesis,Virtuelle Instrumente und Synthese,core,active,,12895124,available,https://ccrma.stanford.edu/software/stk/,False,False,False,master,C++,NOASSERTION,[],1229,197,20,2013-09-17T12:54:47Z,2025-03-29T19:25:00Z,2026-08-19T16:13:53Z,2026-08-22,2026-08-25T15:30:14Z
GHIAO-0038,Edinburgh-Acoustics-and-Audio-Group/ness,Edinburgh-Acoustics-and-Audio-Group/ness,https://github.com/Edinburgh-Acoustics-and-Audio-Group/ness,https://github.com/Edinburgh-Acoustics-and-Audio-Group/ness,Physical modelling synthesis code developed by the NESS project at the University of Edinburgh,Physikalische Modellierung und Synthese von Instrumenten und akustischen Räumen.,virtual_instruments_and_synthesis,Virtual instruments and sound synthesis,Virtuelle Instrumente und Synthese,core,active,,880377804,available,https://www.ness.music.ed.ac.uk/,False,False,False,main,C++,MIT,[],46,2,1,2024-10-29T16:03:56Z,2025-01-28T13:45:46Z,2026-07-29T14:54:04Z,2026-08-22,2026-08-25T15:30:14Z
GHIAO-0039,lucasw/tao_synth,lucasw/tao_synth,https://github.com/lucasw/tao_synth,https://github.com/lucasw/tao_synth,Sound synthesis with physical models - from http://taopm.sourceforge.net,"Virtuelles Musikinstrument, Synthesizer, Sampler oder Instrumenten-Framework.",virtual_instruments_and_synthesis,Virtual instruments and sound synthesis,Virtuelle Instrumente und Synthese,core,active,,145367137,available,,False,False,True,master,C++,GPL-2.0,"[""music"",""sound"",""sound-synthesis""]",11,2,12,2018-08-20T04:44:13Z,2020-06-13T14:31:53Z,2026-02-24T18:47:30Z,2026-08-22,2026-08-25T15:30:14Z
GHIAO-0040,MindBuffer/tao,MindBuffer/tao,https://github.com/MindBuffer/tao,https://github.com/MindBuffer/tao,Mark Pearson's `tao` library - A Software Package for Sound Synthesis with Physical Models,"Virtuelles Musikinstrument, Synthesizer, Sampler oder Instrumenten-Framework.",virtual_instruments_and_synthesis,Virtual instruments and sound synthesis,Virtuelle Instrumente und Synthese,adjacent,active,,31642001,available,,False,False,False,master,Shell,GPL-2.0,[],24,7,0,2015-03-04T06:31:46Z,2015-03-04T06:55:42Z,2026-06-05T23:14:23Z,2026-08-22,2026-08-25T15:30:14Z
GHIAO-0041,VCVRack/Rack,VCVRack/Rack,https://github.com/VCVRack/Rack,https://github.com/VCVRack/Rack,The virtual Eurorack studio,Host und SDK für einen virtuellen Eurorack-Modularsynthesizer.,virtual_instruments_and_synthesis,Virtual instruments and sound synthesis,Virtuelle Instrumente und Synthese,core,active,,73756539,available,http://vcvrack.com/,False,False,False,v2,C++,NOASSERTION,"[""vcvrack""]",4407,468,307,2016-11-14T23:33:53Z,2025-11-04T08:47:14Z,2026-08-25T14:30:52Z,2026-08-22,2026-08-25T15:30:14Z
GHIAO-0042,surge-synthesizer/surge,surge-synthesizer/surge,https://github.com/surge-synthesizer/surge,https://github.com/surge-synthesizer/surge,Synthesizer plug-in (previously released as Vember Audio Surge),Freier hybrider Software-Synthesizer und Plugin.,virtual_instruments_and_synthesis,Virtual instruments and sound synthesis,Virtuelle Instrumente und Synthese,core,active,,149678202,available,https://surge-synthesizer.github.io/,False,False,False,main,C,GPL-3.0,"[""audio-units"",""synthesizer"",""vst3""]",3980,479,179,2018-09-20T22:32:25Z,2026-08-17T00:39:04Z,2026-08-24T12:20:52Z,2026-08-22,2026-08-25T15:30:14Z
GHIAO-0043,asb2m10/dexed,asb2m10/dexed,https://github.com/asb2m10/dexed,https://github.com/asb2m10/dexed,DX7 FM multi plaform/multi format plugin,FM-Synthesizer und Plugin mit Yamaha-DX7-Bezug.,virtual_instruments_and_synthesis,Virtual instruments and sound synthesis,Virtuelle Instrumente und Synthese,core,active,,14973783,available,,False,False,False,master,C++,GPL-3.0,"[""dx7"",""vst""]",3477,299,80,2013-12-06T04:18:54Z,2026-07-25T14:14:30Z,2026-08-24T01:56:44Z,2026-08-22,2026-08-25T15:30:14Z
GHIAO-0044,zynaddsubfx/zynaddsubfx,zynaddsubfx/zynaddsubfx,https://github.com/zynaddsubfx/zynaddsubfx,https://github.com/zynaddsubfx/zynaddsubfx,ZynAddSubFX open source synthesizer,"Freier Software-Synthesizer mit additiven, subtraktiven und Pad-Synthese-Engines.",virtual_instruments_and_synthesis,Virtual instruments and sound synthesis,Virtuelle Instrumente und Synthese,core,active,,21525762,available,http://zynaddsubfx.sf.net,False,False,False,master,C++,GPL-2.0,"[""alsa"",""hacktoberfest"",""jackaudio"",""music"",""osc"",""oss"",""synth"",""synthesizer""]",1170,121,75,2014-07-05T18:33:25Z,2026-07-26T20:57:46Z,2026-08-25T00:09:54Z,2026-08-22,2026-08-25T15:30:14Z
GHIAO-0045,FluidSynth/fluidsynth,FluidSynth/fluidsynth,https://github.com/FluidSynth/fluidsynth,https://github.com/FluidSynth/fluidsynth,Software synthesizer based on the SoundFont 2 specifications,Echtzeit-SoundFont-Synthesizer und Rendering-Bibliothek.,virtual_instruments_and_synthesis,Virtual instruments and sound synthesis,Virtuelle Instrumente und Synthese,core,active,,95304991,available,https://www.fluidsynth.org,False,False,False,master,C,LGPL-2.1,"[""cross-platform"",""fluidsynth"",""linux"",""midi"",""midi-files"",""midi-player"",""realtime"",""soundfont-synthesizers"",""soundfont2-synthesizer-library"",""soundfonts"",""synthesizer"",""wavetables""]",2472,332,21,2017-06-24T15:09:55Z,2026-08-21T14:47:22Z,2026-08-25T13:14:12Z,2026-08-22,2026-08-25T15:30:14Z
GHIAO-0046,GrandOrgue/grandorgue,GrandOrgue/grandorgue,https://github.com/GrandOrgue/grandorgue,https://github.com/GrandOrgue/grandorgue,GrandOrgue software,Virtuelle Pfeifenorgel mit Sample- und MIDI-Unterstützung.,virtual_instruments_and_synthesis,Virtual instruments and sound synthesis,Virtuelle Instrumente und Synthese,core,active,,401421066,available,,False,False,False,master,C++,NOASSERTION,"[""hacktoberfest""]",266,57,51,2021-08-30T16:58:46Z,2026-08-24T07:10:36Z,2026-08-24T07:11:25Z,2026-08-22,2026-08-25T15:30:14Z
GHIAO-0047,grame-cncm/faustlibraries,grame-cncm/faustlibraries,https://github.com/grame-cncm/faustlibraries,https://github.com/grame-cncm/faustlibraries,The Faust libraries,"Virtuelles Musikinstrument, Synthesizer, Sampler oder Instrumenten-Framework.",virtual_instruments_and_synthesis,Virtual instruments and sound synthesis,Virtuelle Instrumente und Synthese,core,active,,112796225,available,https://faustlibraries.grame.fr,False,False,False,master,OpenSCAD,,"[""dsp"",""faust"",""library""]",250,72,12,2017-12-01T23:18:54Z,2026-08-25T14:58:14Z,2026-08-25T15:10:59Z,2026-08-22,2026-08-25T15:30:14Z
GHIAO-0048,ccrma/chugins,ccrma/chugins,https://github.com/ccrma/chugins,https://github.com/ccrma/chugins,Repository for ChuGins,"Virtuelles Musikinstrument, Synthesizer, Sampler oder Instrumenten-Framework.",virtual_instruments_and_synthesis,Virtual instruments and sound synthesis,Virtuelle Instrumente und Synthese,core,active,,5597945,available,,False,False,False,main,C++,MIT,[],140,49,20,2012-08-29T08:46:13Z,2026-05-31T23:09:14Z,2026-06-28T16:46:41Z,2026-08-22,2026-08-25T15:30:14Z
GHIAO-0049,surikov/webaudiofont,surikov/webaudiofont,https://github.com/surikov/webaudiofont,https://github.com/surikov/webaudiofont,"Use full GM set of musical instruments to play MIDI and single sounds or effects. Support for reverberation and equaliser. No plugins, no Flash. Pure HTML5 implementation compatible with desktop and mobile browser. See live examples.","Virtuelles Musikinstrument, Synthesizer, Sampler oder Instrumenten-Framework.",virtual_instruments_and_synthesis,Virtual instruments and sound synthesis,Virtuelle Instrumente und Synthese,core,active,,71990495,available,https://surikov.github.io/webaudiofont/,False,False,False,master,HTML,GPL-3.0,"[""audio"",""audiocontext"",""drums"",""instrument"",""midi"",""midi-player"",""music"",""music-composition"",""music-player"",""pitch"",""play-instruments"",""play-sounds"",""player"",""sampler"",""sound"",""soundfont"",""synth"",""synthesizer"",""wavetable""]",986,100,3,2016-10-26T10:01:10Z,2026-03-26T22:58:45Z,2026-08-25T10:39:35Z,2026-08-22,2026-08-25T15:30:14Z
GHIAO-0050,nbrosowsky/tonejs-instruments,nbrosowsky/tonejs-instruments,https://github.com/nbrosowsky/tonejs-instruments,https://github.com/nbrosowsky/tonejs-instruments,A small instrument sample library with quick-loader for tone.js,"Virtuelles Musikinstrument, Synthesizer, Sampler oder Instrumenten-Framework.",virtual_instruments_and_synthesis,Virtual instruments and sound synthesis,Virtuelle Instrumente und Synthese,core,active,,120222931,available,,False,False,False,master,JavaScript,NOASSERTION,"[""audio"",""instruments"",""music"",""music-player"",""samples"",""tonejs"",""web-audio""]",541,124,5,2018-02-04T21:02:33Z,2023-06-01T07:02:36Z,2026-08-24T15:03:28Z,2026-08-22,2026-08-25T15:30:14Z
GHIAO-0051,FastTune/FastTune,FastTune/FastTune,https://github.com/FastTune/FastTune,https://github.com/FastTune/FastTune,"A tuner for guitar, ukulele, bass, banjo, mandolin, violin and etc.","Stimmgerät mit Tonhöhenbestimmung für Gitarre, Ukulele, Bass, Banjo, Mandoline und Violine.",general_acoustics_and_measurement,General acoustics and measurement,Allgemeine Akustik und Messung,core,active,,729117683,available,https://aifasttune.com,False,False,False,master,C,MIT,"[""fast-tune"",""guitar-tuner"",""pitch-detection"",""pitch-estimation"",""tuner"",""wasm""]",53,3,2,2023-12-08T13:03:48Z,2023-12-16T14:27:32Z,2026-07-20T14:18:31Z,2026-08-22,2026-08-25T15:30:14Z
GHIAO-0052,MustafaAlotbah/PyGuitarSynthesis,MustafaAlotbah/PyGuitarSynthesis,https://github.com/MustafaAlotbah/PyGuitarSynthesis,https://github.com/MustafaAlotbah/PyGuitarSynthesis,A light-weight library to synthesize guitar tabs to help writing guitar tabs faster.,"Virtuelles Musikinstrument, Synthesizer, Sampler oder Instrumenten-Framework.",virtual_instruments_and_synthesis,Virtual instruments and sound synthesis,Virtuelle Instrumente und Synthese,core,active,,854901863,available,,False,False,False,main,Python,MIT,"[""guitar"",""music"",""music-sheet"",""python"",""synthesizer""]",1,1,0,2024-09-10T00:44:53Z,2024-09-10T11:36:52Z,2025-03-21T12:29:48Z,2026-08-22,2026-08-25T15:30:14Z
GHIAO-0053,jos556/Virtual_Musical_Instruments,jos556/Virtual_Musical_Instruments,https://github.com/jos556/Virtual_Musical_Instruments,https://github.com/jos556/Virtual_Musical_Instruments,Virtual Instruments,"Virtuelles Musikinstrument, Synthesizer, Sampler oder Instrumenten-Framework.",virtual_instruments_and_synthesis,Virtual instruments and sound synthesis,Virtuelle Instrumente und Synthese,core,active,,889611048,available,,False,False,False,main,TypeScript,,"[""music-instruments"",""music-visualizer"",""react"",""typescript"",""webaudio""]",2,0,0,2024-11-16T19:06:59Z,2024-11-16T19:07:51Z,2025-05-27T07:55:21Z,2026-08-22,2026-08-25T15:30:14Z
GHIAO-0054,kalmacode/Synthesizer,kalmacode/Synthesizer,https://github.com/kalmacode/Synthesizer,https://github.com/kalmacode/Synthesizer,Simple Matlab Synthesizer,"Virtuelles Musikinstrument, Synthesizer, Sampler oder Instrumenten-Framework.",virtual_instruments_and_synthesis,Virtual instruments and sound synthesis,Virtuelle Instrumente und Synthese,core,active,,206859294,available,,False,False,False,master,MATLAB,MIT,"[""musical-instrument"",""piano-keyboard"",""synthesizer""]",0,0,0,2019-09-06T19:15:44Z,2019-09-06T19:16:27Z,2019-09-06T19:26:46Z,2026-08-22,2026-08-25T15:30:14Z
GHIAO-0055,TheSmoothRere/ReMusic,TheSmoothRere/ReMusic,https://github.com/TheSmoothRere/ReMusic,https://github.com/TheSmoothRere/ReMusic,"RéMusic is a high-fidelity, client-side virtual grand piano built with React and Tone.js. It leverages the renowned Salamanader Grand Piano sample set (48kHz, 24-bit) to provide an authentic studio-quality experience directly in the web browser.","Virtuelles Musikinstrument, Synthesizer, Sampler oder Instrumenten-Framework.",virtual_instruments_and_synthesis,Virtual instruments and sound synthesis,Virtuelle Instrumente und Synthese,core,active,,1236716843,available,,False,False,False,master,HTML,MIT,"[""audio-processing"",""music-theory"",""piano"",""react"",""salamanader-grand-piano"",""tonejs"",""virtual-instrument"",""web-audio""]",0,0,0,2026-05-12T14:01:52Z,2026-05-15T11:34:40Z,2026-05-17T02:16:07Z,2026-08-22,2026-08-25T15:30:14Z
GHIAO-0056,praveenjadhav1510/harmonium,praveenjadhav1510/harmonium,https://github.com/praveenjadhav1510/harmonium,https://github.com/praveenjadhav1510/harmonium,"Harmonium is an interactive web application that simulates an Indian classical harmonium in the browser. Built with Next.js, Tone.js, and modern web technologies, it enables users to play notes, explore ragas, record melodies, and experience real-time audio synthesis online.","Virtuelles Musikinstrument, Synthesizer, Sampler oder Instrumenten-Framework.",virtual_instruments_and_synthesis,Virtual instruments and sound synthesis,Virtuelle Instrumente und Synthese,core,active,,1199337993,available,https://harmonium-sable.vercel.app/,False,False,False,main,TypeScript,,"[""audio-synthesis"",""harmonium"",""indian-classical-music"",""music-app"",""music-production"",""virtual-instrument"",""web-audio""]",0,0,0,2026-04-02T08:54:15Z,2026-04-02T10:47:37Z,2026-04-02T10:52:17Z,2026-08-22,2026-08-25T15:30:14Z
GHIAO-0057,Jalpan04/Synth-Studio,Jalpan04/Synth-Studio,https://github.com/Jalpan04/Synth-Studio,https://github.com/Jalpan04/Synth-Studio,Synth-Studio is a real-time modular synthesizer and sequencer implemented entirely in Python ,"Virtuelles Musikinstrument, Synthesizer, Sampler oder Instrumenten-Framework.",virtual_instruments_and_synthesis,Virtual instruments and sound synthesis,Virtuelle Instrumente und Synthese,core,active,,1103904961,available,,False,False,False,main,Python,MIT,"[""audio-synthesis"",""dsp"",""oscillator"",""python"",""sound-design"",""virtual-instrument""]",0,0,0,2025-11-25T13:45:23Z,2026-06-06T11:33:25Z,2026-06-06T11:33:29Z,2026-08-22,2026-08-25T15:30:14Z
GHIAO-0058,amjadimdad00/WebHarmonium,amjadimdad00/WebHarmonium,https://github.com/amjadimdad00/WebHarmonium,https://github.com/amjadimdad00/WebHarmonium,"An interactive virtual harmonium built for the web. Play using your keyboard, mouse, or touch with realistic sound and smooth controls.","Virtuelles Musikinstrument, Synthesizer, Sampler oder Instrumenten-Framework.",virtual_instruments_and_synthesis,Virtual instruments and sound synthesis,Virtuelle Instrumente und Synthese,core,active,,1190989807,available,https://webharmonium-amjadimdad00.vercel.app,False,False,False,main,JavaScript,,"[""creative-coding"",""digital-instrument"",""harmonium"",""interactive-music"",""music-app"",""open-source"",""virtual-instrument"",""web-audio-api"",""web-development""]",0,0,0,2026-03-24T20:17:30Z,2026-06-05T06:22:31Z,2026-06-05T06:22:35Z,2026-08-22,2026-08-25T15:30:14Z
GHIAO-0059,ramarizalr/vx7,ramarizalr/vx7,https://github.com/ramarizalr/vx7,https://github.com/ramarizalr/vx7,"Emulate the iconic Yamaha DX7 with this Python GUI synthesizer, featuring authentic FM synthesis, original presets, and optional MIDI support.","Virtuelles Musikinstrument, Synthesizer, Sampler oder Instrumenten-Framework.",virtual_instruments_and_synthesis,Virtual instruments and sound synthesis,Virtuelle Instrumente und Synthese,core,active,,1170090403,available,,False,False,False,main,,,"[""audio"",""digital-audio"",""dx7"",""emulator"",""fm-synthesis"",""github-config"",""midi"",""music"",""music-production"",""open-source"",""python"",""sound-synthesis"",""synthesizer"",""tkinter"",""virtual-instrument"",""yamaha""]",0,0,0,2026-03-01T17:27:50Z,2026-03-01T17:27:50Z,2026-03-01T17:31:12Z,2026-08-22,2026-08-25T15:30:14Z
GHIAO-0060,diegogazzoni/vibe303,diegogazzoni/vibe303,https://github.com/diegogazzoni/vibe303,https://github.com/diegogazzoni/vibe303,"I enjoy making acid beats, but 303s are too expensive... so here we are! A synthesizer to emulate the Roland 303. Yes, it's built with Claude.","Virtuelles Musikinstrument, Synthesizer, Sampler oder Instrumenten-Framework.",virtual_instruments_and_synthesis,Virtual instruments and sound synthesis,Virtuelle Instrumente und Synthese,core,active,,1204226084,available,,False,False,False,main,C++,,"[""acid-house"",""house-music"",""music-production"",""virtual-instrument"",""vst3""]",0,0,0,2026-04-07T20:10:37Z,2026-04-08T19:52:56Z,2026-06-04T13:42:57Z,2026-08-22,2026-08-25T15:30:14Z
GHIAO-0061,AJosephsen/TuningExplorer,AJosephsen/TuningExplorer,https://github.com/AJosephsen/TuningExplorer,https://github.com/AJosephsen/TuningExplorer,Experimenting with different instrument tunings on a web page,"Virtuelles Musikinstrument, Synthesizer, Sampler oder Instrumenten-Framework.",virtual_instruments_and_synthesis,Virtual instruments and sound synthesis,Virtuelle Instrumente und Synthese,core,active,,1117430364,available,https://ajosephsen.github.io/TuningExplorer/,False,False,False,main,HTML,,"[""audio"",""signal"",""virtual-instrument"",""web""]",0,0,0,2025-12-16T09:55:33Z,2025-12-25T11:00:55Z,2025-12-25T11:00:59Z,2026-08-22,2026-08-25T15:30:14Z
GHIAO-0062,gpasquero/hammond-b3,gpasquero/hammond-b3,https://github.com/gpasquero/hammond-b3,https://github.com/gpasquero/hammond-b3,"🎹 Virtual Hammond B3 tonewheel organ in Rust — drawbars, Leslie, percussion, presets. Native + WebAssembly browser demo.","Virtuelles Musikinstrument, Synthesizer, Sampler oder Instrumenten-Framework.",virtual_instruments_and_synthesis,Virtual instruments and sound synthesis,Virtuelle Instrumente und Synthese,core,active,,1289508280,available,https://gpasquero.github.io/hammond-b3/,False,False,False,main,Rust,MIT,"[""audio"",""audio-synthesis"",""cpal"",""drawbars"",""dsp"",""egui"",""hammond"",""hammond-b3"",""leslie"",""midi"",""music"",""organ"",""real-time-audio"",""rotary-speaker"",""rust"",""synthesizer"",""tonewheel"",""virtual-instrument"",""wasm"",""webassembly""]",1,0,0,2026-07-04T21:00:04Z,2026-07-04T21:32:54Z,2026-07-07T02:09:28Z,2026-08-22,2026-08-25T15:30:14Z
GHIAO-0063,FelineFantasy/KeyPaw,FelineFantasy/KeyPaw,https://github.com/FelineFantasy/KeyPaw,https://github.com/FelineFantasy/KeyPaw,🎹 Play piano using your keyboard keys 1-7,"Virtuelles Musikinstrument, Synthesizer, Sampler oder Instrumenten-Framework.",virtual_instruments_and_synthesis,Virtual instruments and sound synthesis,Virtuelle Instrumente und Synthese,core,active,,1252093637,available,,False,False,False,main,Python,MIT,"[""audio"",""keyboard"",""music"",""piano"",""pygame"",""python"",""virtual-instrument""]",2,0,0,2026-05-28T07:22:08Z,2026-08-19T20:37:32Z,2026-08-19T20:39:40Z,2026-08-22,2026-08-25T15:30:14Z
GHIAO-0064,Vagabond404/Roneat-Studio-Pro,Vagabond404/Roneat-Studio-Pro,https://github.com/Vagabond404/Roneat-Studio-Pro,https://github.com/Vagabond404/Roneat-Studio-Pro,"Roneat Studio Pro is a dedicated audio software for playing, learning, and producing music with the Roneat, the traditional Cambodian xylophone. Explore authentic Khmer sounds and create your own compositions.","Virtuelles Musikinstrument, Synthesizer, Sampler oder Instrumenten-Framework.",virtual_instruments_and_synthesis,Virtual instruments and sound synthesis,Virtuelle Instrumente und Synthese,core,active,,1168367792,available,https://roneat-studio-pro.gitbook.io/roneat-studio-pro-docs,False,False,False,main,C,NOASSERTION,"[""audio-software"",""cambodia"",""cambodian"",""instrument"",""khmer"",""khmer-music"",""music"",""music-production"",""python"",""roneat"",""roneatek"",""software"",""virtual-instrument"",""xylophone""]",3,0,0,2026-02-27T09:59:38Z,2026-05-31T14:00:03Z,2026-07-14T02:02:51Z,2026-08-22,2026-08-25T15:30:14Z
GHIAO-0065,r00tman/Keydion,r00tman/Keydion,https://github.com/r00tman/Keydion,https://github.com/r00tman/Keydion,Use your laptop keyboard as Chromatic Button Accordion for Virtual MIDI,"Virtuelles Musikinstrument, Synthesizer, Sampler oder Instrumenten-Framework.",virtual_instruments_and_synthesis,Virtual instruments and sound synthesis,Virtuelle Instrumente und Synthese,core,active,,1062571978,available,,False,False,False,main,Swift,MIT,"[""accordion"",""c-griff"",""keyboard"",""macos"",""midi"",""music"",""music-production"",""music-tools"",""swiftui"",""virtual-instrument""]",3,0,0,2025-09-23T12:40:44Z,2025-09-25T21:30:37Z,2026-08-04T02:37:03Z,2026-08-22,2026-08-25T15:30:14Z
GHIAO-0066,rullopat/sfizioso-player,rullopat/sfizioso-player,https://github.com/rullopat/sfizioso-player,https://github.com/rullopat/sfizioso-player,"Open SFZ player (VST3/AU/Standalone) + shared foundation, built on the sfizioso engine fork. Libs BSD-2, app AGPLv3.","Virtuelles Musikinstrument, Synthesizer, Sampler oder Instrumenten-Framework.",virtual_instruments_and_synthesis,Virtual instruments and sound synthesis,Virtuelle Instrumente und Synthese,core,active,,1261394248,available,,False,False,False,main,C++,NOASSERTION,"[""au"",""audio-plugin"",""cpp"",""daw"",""desktop-app"",""juce"",""mpe"",""music-production"",""rompler"",""sample-player"",""sampler"",""sfizz"",""sfz"",""sfz-player"",""synthesizer"",""virtual-instrument"",""vst3"",""webview""]",4,1,2,2026-06-06T16:16:40Z,2026-06-21T10:42:27Z,2026-08-21T14:29:39Z,2026-08-22,2026-08-25T15:30:14Z
GHIAO-0067,OliverRasmussen/Equinox,OliverRasmussen/Equinox,https://github.com/OliverRasmussen/Equinox,https://github.com/OliverRasmussen/Equinox,Subtractive synthesizer and sampler plugin,"Virtuelles Musikinstrument, Synthesizer, Sampler oder Instrumenten-Framework.",virtual_instruments_and_synthesis,Virtual instruments and sound synthesis,Virtuelle Instrumente und Synthese,core,active,,291468495,available,,False,False,False,master,C++,GPL-3.0,"[""audio-plugin"",""juce"",""juce-framework"",""sampler-instrument"",""synthesizer"",""virtual-instrument""]",5,1,0,2020-08-30T12:44:03Z,2026-03-29T22:12:43Z,2026-06-23T16:08:05Z,2026-08-22,2026-08-25T15:30:14Z
GHIAO-0068,AnujYadav-Dev/Harmonium-Studio,AnujYadav-Dev/Harmonium-Studio,https://github.com/AnujYadav-Dev/Harmonium-Studio,https://github.com/AnujYadav-Dev/Harmonium-Studio,"A keyboard-driven harmonium built with Next.js, Tailwind CSS, Framer Motion, and the Web Audio API. The app renders a minimal desktop-first instrument UI and synthesizes harmonium-like notes in the browser using layered harmonic oscillators, a soft attack, a sustained body, subtle vibrato, and a long release.","Virtuelles Musikinstrument, Synthesizer, Sampler oder Instrumenten-Framework.",virtual_instruments_and_synthesis,Virtual instruments and sound synthesis,Virtuelle Instrumente und Synthese,core,active,,1203654820,available,https://harmonium-studio.vercel.app/,False,False,False,main,TypeScript,MIT,"[""harmonium"",""keyboard-events"",""minimalist"",""music"",""musical-instrument"",""nextjs"",""synthesizer"",""tailwindcss"",""typescript""]",0,0,0,2026-04-07T08:39:42Z,2026-04-08T05:31:08Z,2026-04-08T05:31:12Z,2026-08-22,2026-08-25T15:30:14Z
GHIAO-0069,Azeirah/ocarina.js,Azeirah/ocarina.js,https://github.com/Azeirah/ocarina.js,https://github.com/Azeirah/ocarina.js,Your ocarina is an input device,"Experimentelle Schnittstelle, die eine Okarina als Eingabegerät für digitale Anwendungen verwendet.",instrument_design_and_hardware,"Instrument design, hardware, and augmented instruments","Instrumentendesign, Hardware und augmentierte Instrumente",core,active,,844262680,available,,False,False,False,root,TypeScript,,"[""fun"",""input"",""instrument"",""machine-learning"",""music"",""musical-instrument"",""ocarina""]",2,0,0,2024-08-18T21:35:18Z,2024-08-28T22:30:00Z,2024-11-07T21:33:45Z,2026-08-22,2026-08-25T15:30:14Z
GHIAO-0070,steffen-liersch/Liersch-Piano,steffen-liersch/Liersch-Piano,https://github.com/steffen-liersch/Liersch-Piano,https://github.com/steffen-liersch/Liersch-Piano,MIDI-enabled virtual musical instrument for smartphone and computer,"Virtuelles Musikinstrument, Synthesizer, Sampler oder Instrumenten-Framework.",virtual_instruments_and_synthesis,Virtual instruments and sound synthesis,Virtuelle Instrumente und Synthese,core,active,,606419355,available,https://www.steffen-liersch.de/apps/piano/?ref=github,False,False,False,main,TypeScript,,"[""application"",""closed-source"",""keyboard"",""musical-instrument"",""synthesizer"",""typescript"",""virtual""]",1,0,0,2023-02-25T12:44:34Z,2023-11-22T11:01:09Z,2023-02-28T18:28:28Z,2026-08-22,2026-08-25T15:30:14Z
GHIAO-0071,gsspdev/DrumMachine,gsspdev/DrumMachine,https://github.com/gsspdev/DrumMachine,https://github.com/gsspdev/DrumMachine,Fork of a project updated to be compatible with language changes for handling audio streams.,"Virtuelles Musikinstrument, Synthesizer, Sampler oder Instrumenten-Framework.",virtual_instruments_and_synthesis,Virtual instruments and sound synthesis,Virtuelle Instrumente und Synthese,core,active,,545040657,available,,False,False,False,main,Swift,,"[""audio"",""audio-player"",""audio-streaming"",""drum-machine"",""dsp"",""ios"",""ios-app"",""music"",""music-composition"",""musical-instrument"",""musical-instruments"",""swift"",""xcode""]",1,0,0,2022-10-03T17:20:01Z,2022-10-03T17:22:26Z,2023-11-01T03:11:39Z,2026-08-22,2026-08-25T15:30:14Z
GHIAO-0072,MikeMorenoDSP/pd-mkmr,MikeMorenoDSP/pd-mkmr,https://github.com/MikeMorenoDSP/pd-mkmr,https://github.com/MikeMorenoDSP/pd-mkmr,A compilation of abstractions and instruments compatible with Pure Data vanilla.,"Virtuelles Musikinstrument, Synthesizer, Sampler oder Instrumenten-Framework.",virtual_instruments_and_synthesis,Virtual instruments and sound synthesis,Virtuelle Instrumente und Synthese,core,active,,133705600,available,,False,False,False,master,Tcl,BSD-3-Clause,"[""audio"",""filters"",""musical-instruments"",""oscillators"",""puredata"",""reverb""]",318,30,2,2018-05-16T18:07:09Z,2024-04-19T23:57:22Z,2026-08-06T14:52:19Z,2026-08-22,2026-08-25T15:30:14Z
GHIAO-0073,nbrochec/flute-physical-modelling,nbrochec/flute-physical-modelling,https://github.com/nbrochec/flute-physical-modelling,https://github.com/nbrochec/flute-physical-modelling,Flute Physical Modelling,"Virtuelles Musikinstrument, Synthesizer, Sampler oder Instrumenten-Framework.",virtual_instruments_and_synthesis,Virtual instruments and sound synthesis,Virtuelle Instrumente und Synthese,core,active,,655631704,available,,False,False,False,main,Max,MIT,"[""acoutics"",""flute"",""max-msp"",""physical-modeling-synthesis""]",9,0,0,2023-06-19T09:31:10Z,2025-02-16T02:43:32Z,2026-06-29T15:05:17Z,2026-08-22,2026-08-25T15:30:14Z
GHIAO-0074,mac787/Virtual-Analog,mac787/Virtual-Analog,https://github.com/mac787/Virtual-Analog,https://github.com/mac787/Virtual-Analog,A collection of virtual analog models in the form of MATLAB scripts.,"Virtuelles Musikinstrument, Synthesizer, Sampler oder Instrumenten-Framework.",virtual_instruments_and_synthesis,Virtual instruments and sound synthesis,Virtuelle Instrumente und Synthese,adjacent,active,,199347040,available,,False,False,False,master,MATLAB,,"[""acoustics"",""audio"",""blackface"",""circuit"",""digital-signal-processing"",""diode"",""distortion"",""fender"",""guitar"",""guvnor"",""marshall"",""newton-raphson"",""nonlinear"",""numerical-methods"",""physical-modeling"",""time-domain"",""tone-stack"",""transistor"",""virtual-analog"",""virtual-analog-modelling""]",19,3,0,2019-07-28T23:25:57Z,2019-07-29T01:43:18Z,2026-06-20T17:33:10Z,2026-08-22,2026-08-25T15:30:14Z
GHIAO-0075,grz0zrg/fas,grz0zrg/fas,https://github.com/grz0zrg/fas,https://github.com/grz0zrg/fas,C Pixels-based graphical audio synthesizer implemented as a WebSocket server,"Virtuelles Musikinstrument, Synthesizer, Sampler oder Instrumenten-Framework.",virtual_instruments_and_synthesis,Virtual instruments and sound synthesis,Virtuelle Instrumente und Synthese,core,active,,78288048,available,https://www.fsynth.com,False,False,False,master,C,BSD-2-Clause,"[""additive-synth"",""additive-synthesis"",""additive-synthesizer"",""audio"",""distributed"",""faust"",""filters-bank"",""formant"",""granular-synthesis"",""graphical-audio"",""image-synth"",""jack"",""oscillators-bank"",""portaudio"",""raspberry-pi"",""sound-synthesis"",""soundpipe"",""spectral"",""synthesizer"",""wavetable-synthesizer""]",138,10,0,2017-01-07T15:53:24Z,2022-08-30T19:53:20Z,2026-08-16T09:08:38Z,2026-08-22,2026-08-25T15:30:14Z
GHIAO-0076,mtytel/helm,mtytel/helm,https://github.com/mtytel/helm,https://github.com/mtytel/helm,Helm - a free polyphonic synth with lots of modulation,"Virtuelles Musikinstrument, Synthesizer, Sampler oder Instrumenten-Framework.",virtual_instruments_and_synthesis,Virtual instruments and sound synthesis,Virtuelle Instrumente und Synthese,core,active,,28954234,available,http://tytel.org/helm,True,False,False,master,C++,GPL-3.0,[],2504,229,133,2015-01-08T07:27:12Z,2022-09-24T04:23:20Z,2026-08-09T21:27:46Z,2026-08-22,2026-08-25T15:30:14Z
GHIAO-0077,amsynth/amsynth,amsynth/amsynth,https://github.com/amsynth/amsynth,https://github.com/amsynth/amsynth,Simple software synthesizer for Linux,"Virtuelles Musikinstrument, Synthesizer, Sampler oder Instrumenten-Framework.",virtual_instruments_and_synthesis,Virtual instruments and sound synthesis,Virtuelle Instrumente und Synthese,core,active,,6212471,available,,False,False,False,develop,C++,GPL-2.0,"[""c-plus-plus"",""dsp"",""gtk"",""linux"",""lv2"",""synthesis"",""synthesizer"",""vst""]",503,60,18,2012-10-14T10:11:41Z,2026-07-14T10:21:45Z,2026-08-18T08:44:06Z,2026-08-22,2026-08-25T15:30:14Z
GHIAO-0078,sfztools/sfizz,sfztools/sfizz,https://github.com/sfztools/sfizz,https://github.com/sfztools/sfizz,"SFZ parser and synth c++ library, providing a JACK standalone client","Virtuelles Musikinstrument, Synthesizer, Sampler oder Instrumenten-Framework.",virtual_instruments_and_synthesis,Virtual instruments and sound synthesis,Virtuelle Instrumente und Synthese,core,active,,199350095,available,https://sfz.tools/sfizz/,True,False,False,develop,C++,BSD-2-Clause,"[""jack"",""jack-client"",""musical-instrument"",""sample-player"",""sampler"",""sampler-engine"",""sfz"",""sfz-files"",""sfz-format"",""sfz-library""]",533,89,73,2019-07-29T00:12:15Z,2025-03-17T20:18:36Z,2026-08-05T22:54:15Z,2026-08-22,2026-08-25T15:30:14Z
GHIAO-0079,sfztools/sfizz-webaudio,sfztools/sfizz-webaudio,https://github.com/sfztools/sfizz-webaudio,https://github.com/sfztools/sfizz-webaudio,sfizz as a WebAudio library,"Virtuelles Musikinstrument, Synthesizer, Sampler oder Instrumenten-Framework.",virtual_instruments_and_synthesis,Virtual instruments and sound synthesis,Virtuelle Instrumente und Synthese,core,active,,430218087,available,,False,False,False,main,JavaScript,MIT,[],22,4,5,2021-11-20T21:59:53Z,2024-06-20T06:05:27Z,2026-07-16T09:22:51Z,2026-08-22,2026-08-25T15:30:14Z
GHIAO-0080,pure-data/pure-data,pure-data/pure-data,https://github.com/pure-data/pure-data,https://github.com/pure-data/pure-data,Pure Data -  a free real-time computer music system,"Virtuelles Musikinstrument, Synthesizer, Sampler oder Instrumenten-Framework.",virtual_instruments_and_synthesis,Virtual instruments and sound synthesis,Virtuelle Instrumente und Synthese,adjacent,active,,23065862,available,,False,False,False,master,C,NOASSERTION,[],2070,290,594,2014-08-18T09:36:46Z,2026-08-22T12:20:40Z,2026-08-24T10:33:28Z,2026-08-22,2026-08-25T15:30:14Z
GHIAO-0081,csound/csound,csound/csound,https://github.com/csound/csound,https://github.com/csound/csound,Main repository for Csound,"Virtuelles Musikinstrument, Synthesizer, Sampler oder Instrumenten-Framework.",virtual_instruments_and_synthesis,Virtual instruments and sound synthesis,Virtuelle Instrumente und Synthese,adjacent,active,,18047592,available,https://csound.com,False,False,False,develop,C,LGPL-2.1,[],1502,212,29,2014-03-24T00:47:43Z,2026-08-19T12:22:13Z,2026-08-24T01:56:18Z,2026-08-22,2026-08-25T15:30:14Z
GHIAO-0082,supercollider/supercollider,supercollider/supercollider,https://github.com/supercollider/supercollider,https://github.com/supercollider/supercollider,"An audio server, programming language, and IDE for sound synthesis and algorithmic composition.","Virtuelles Musikinstrument, Synthesizer, Sampler oder Instrumenten-Framework.",virtual_instruments_and_synthesis,Virtual instruments and sound synthesis,Virtuelle Instrumente und Synthese,adjacent,active,,4228314,available,http://supercollider.github.io,False,False,False,develop,C++,GPL-3.0,"[""algorithmic-composition"",""audio"",""c-plus-plus"",""computer-music"",""electronic-music"",""hacktoberfest"",""livecoding"",""music"",""programming-language"",""sclang"",""scsynth"",""sonification"",""sound"",""supercollider"",""synthesis""]",6703,847,1093,2012-05-04T19:24:51Z,2026-08-20T21:07:16Z,2026-08-25T11:44:04Z,2026-08-22,2026-08-25T15:30:14Z
GHIAO-0083,zakaton/Pink-Trombone,zakaton/Pink-Trombone,https://github.com/zakaton/Pink-Trombone,https://github.com/zakaton/Pink-Trombone,A programmable version of Neil Thapen's Pink Trombone,"Virtuelles Musikinstrument, Synthesizer, Sampler oder Instrumenten-Framework.",virtual_instruments_and_synthesis,Virtual instruments and sound synthesis,Virtuelle Instrumente und Synthese,adjacent,active,,175134792,available,https://zakaton.github.io/Pink-Trombone/,False,False,False,master,JavaScript,GPL-3.0,"[""api"",""auditory-display"",""pink-trombone"",""procedural-audio"",""sound-design"",""speech-synthesis"",""vocal-tract"",""voice"",""voice-design"",""voice-synthesis"",""voice-ui"",""web-audio"",""web-audio-worklet"",""web-component""]",217,37,30,2019-03-12T04:22:41Z,2025-01-11T07:35:30Z,2026-08-25T00:40:57Z,2026-08-22,2026-08-25T15:30:14Z
GHIAO-0084,jmiskovic/voicebox,jmiskovic/voicebox,https://github.com/jmiskovic/voicebox,https://github.com/jmiskovic/voicebox,Reskinning the pink trombone tract synth,"Virtuelles Musikinstrument, Synthesizer, Sampler oder Instrumenten-Framework.",virtual_instruments_and_synthesis,Virtual instruments and sound synthesis,Virtuelle Instrumente und Synthese,adjacent,active,,646785739,available,,False,False,True,master,TypeScript,MIT,[],3,0,0,2023-05-29T10:37:48Z,2023-06-04T14:30:46Z,2026-01-28T12:49:21Z,2026-08-22,2026-08-25T15:30:14Z
GHIAO-0085,alexxior/TaPAS,alexxior/TaPAS,https://github.com/alexxior/TaPAS,https://github.com/alexxior/TaPAS,Theoretical acoustics Plugin ⟿ Artificial Saxophones,Simulationsumgebung für die physikalische Akustik von Blasinstrumenten.,musical_instrument_acoustics,Musical instrument acoustics,Musikinstrumentenakustik,core,active,,793644976,available,,False,False,False,main,Jupyter Notebook,MIT,"[""acoustics"",""openwind"",""physical-modeling"",""saxophone"",""wind-instruments""]",1,0,0,2024-04-29T15:53:51Z,2024-12-27T00:10:13Z,2026-01-14T03:01:34Z,2026-08-22,2026-08-25T15:30:14Z
GHIAO-0086,tonykoop/didgeridoo,tonykoop/didgeridoo,https://github.com/tonykoop/didgeridoo,https://github.com/tonykoop/didgeridoo,"Stave-built didgeridoo design — 2013 acoustic study covering 25 musical keys (C1-C3, with build lengths from ~27"" at C3 to ~107"" at C1), frequency-to-length calculations, stave geometry across L:D aspect ratios 22:1 to 26:1, and design brainstorming for internal-rib patterns. Sister project to djembe and ashiko-drum-workshop.","Akustik, Analyse oder physikalische Modellierung von Musikinstrumenten.",musical_instrument_acoustics,Musical instrument acoustics,Musikinstrumentenakustik,core,active,,1221123551,available,,False,False,False,main,OpenSCAD,CC-BY-4.0,"[""aboriginal-australia"",""acoustics"",""cad"",""didgeridoo"",""harmonic-series"",""mechanical-engineering"",""musical-instruments"",""open-hardware"",""parametric-design"",""portfolio"",""solidworks"",""stave-construction"",""wind-instrument"",""wind-instruments"",""woodturning"",""woodworking""]",0,0,7,2026-04-25T19:32:53Z,2026-07-03T16:32:00Z,2026-07-03T16:32:06Z,2026-08-22,2026-08-25T15:30:14Z
GHIAO-0087,danftang/MusicalInstrumentSim,danftang/MusicalInstrumentSim,https://github.com/danftang/MusicalInstrumentSim,https://github.com/danftang/MusicalInstrumentSim,Experiments simulating musical instruments,"Akustik, Analyse oder physikalische Modellierung von Musikinstrumenten.",musical_instrument_acoustics,Musical instrument acoustics,Musikinstrumentenakustik,core,active,,140095532,available,,False,False,False,master,Kotlin,MIT,"[""acoustics"",""modelling"",""musical-instruments"",""simulation""]",0,0,0,2018-07-07T15:27:06Z,2018-11-27T22:32:53Z,2018-11-27T22:32:54Z,2026-08-22,2026-08-25T15:30:14Z
GHIAO-0088,Rhapsodizer/AcousticDataViewer,Rhapsodizer/AcousticDataViewer,https://github.com/Rhapsodizer/AcousticDataViewer,https://github.com/Rhapsodizer/AcousticDataViewer,Web Application for Acoustic Data Visualization,"Akustik, Analyse oder physikalische Modellierung von Musikinstrumenten.",musical_instrument_acoustics,Musical instrument acoustics,Musikinstrumentenakustik,core,active,,771637126,available,https://rhapsodizer.github.io/AcousticDataViewer/,False,False,False,main,HTML,MIT,"[""acoustics"",""data-visualization"",""guitar"",""musical-instruments"",""violin""]",0,0,0,2024-03-13T17:04:01Z,2024-03-29T13:41:55Z,2024-03-19T16:32:18Z,2026-08-22,2026-08-25T15:30:14Z
GHIAO-0089,lucdoebereiner/OboeJS,lucdoebereiner/OboeJS,https://github.com/lucdoebereiner/OboeJS,https://github.com/lucdoebereiner/OboeJS,Constraint-Based Generation of Oboe Fingering Sequences,JavaScript-Bibliothek zur regelbasierten Erzeugung spielbarer Griffsequenzen für Oboe.,organology_and_instrument_knowledge,Organology and instrument knowledge,Organologie und Instrumentenwissen,core,active,,119965468,available,,False,False,False,master,JavaScript,,[],4,0,0,2018-02-02T10:04:51Z,2018-12-03T12:34:01Z,2025-06-27T12:07:50Z,2026-08-22,2026-08-25T15:30:14Z
GHIAO-0090,vlsi-nanocomputing/dynamic-sound,vlsi-nanocomputing/dynamic-sound,https://github.com/vlsi-nanocomputing/dynamic-sound,https://github.com/vlsi-nanocomputing/dynamic-sound,"DynamicSound Simulator is a modular Python library for generating virtual acoustic scenes with configurable microphones, sound sources, and environments, supporting research and development in beamforming, source localization, audio augmentation, and acoustic machine learning","Modulare Python-Bibliothek zur Erzeugung virtueller akustischer Szenen mit Quellen, Mikrofonen und Umgebungen.",room_and_virtual_acoustics,Room and virtual acoustics,Raum- und virtuelle Akustik,core,active,,1115181180,available,,False,False,False,main,Python,Apache-2.0,[],19,8,1,2025-12-12T13:11:49Z,2026-07-15T15:41:07Z,2026-08-24T11:34:11Z,2026-08-22,2026-08-25T15:30:14Z
GHIAO-0091,InstrumentBible/oscilloscope.js,instrumentbible/oscilloscope.js,https://github.com/InstrumentBible/oscilloscope.js,https://github.com/instrumentbible/oscilloscope.js,JavaScript library for audio visualization. 📟,JavaScript-Bibliothek zur oszilloskopartigen Visualisierung von Audiosignalen.,general_acoustics_and_measurement,General acoustics and measurement,Allgemeine Akustik und Messung,core,active,,314442736,available,https://instrumentbible.github.io/oscilloscope.js/,False,False,False,main,JavaScript,MIT,"[""acoustics"",""audio"",""audio-visualizer"",""javascript"",""music-visualizer"",""oscilloscope"",""webaudio""]",18,2,0,2020-11-20T04:05:03Z,2021-05-23T20:19:10Z,2026-03-11T03:44:23Z,2026-08-22,2026-08-25T15:30:14Z
GHIAO-0092,InstrumentBible/tune.js,instrumentbible/tune.js,https://github.com/InstrumentBible/tune.js,https://github.com/instrumentbible/tune.js,microtonal tuner built with Web Audio API  🎵  ,"Mikrotonales Stimmgerät und Bibliothek für Frequenz-, Cent- und Temperamentberechnungen im Web Audio API.",general_acoustics_and_measurement,General acoustics and measurement,Allgemeine Akustik und Messung,core,active,,300516097,available,https://instrumentbible.github.io/tune.js/,False,False,False,main,JavaScript,MIT,"[""acoustics"",""calculate-cents"",""cents"",""frequency"",""microtonal"",""microtonality"",""midi"",""mtof"",""music"",""music-theory"",""sound"",""temperament"",""tune"",""tuner"",""web-audio-api"",""webaudio""]",8,0,0,2020-10-02T05:59:20Z,2024-12-12T08:21:09Z,2026-05-13T20:01:58Z,2026-08-22,2026-08-25T15:30:14Z
GHIAO-0093,calanuzao/thesis,calanuzao/thesis,https://github.com/calanuzao/thesis,https://github.com/calanuzao/thesis,Thesis Documentation,"Akustik, Analyse oder physikalische Modellierung von Musikinstrumenten.",musical_instrument_acoustics,Musical instrument acoustics,Musikinstrumentenakustik,adjacent,active,,925761789,available,https://calanuzao.github.io/thesis/,False,False,False,main,JavaScript,,"[""acoustics"",""comsol-multiphysics"",""electrical-engineering""]",1,0,0,2025-02-01T17:27:00Z,2026-01-29T19:48:14Z,2026-02-06T03:14:22Z,2026-08-22,2026-08-25T15:30:14Z
GHIAO-0094,aadjones/drum-vibes,aadjones/drum-vibes,https://github.com/aadjones/drum-vibes,https://github.com/aadjones/drum-vibes,Visualizing the vibrations of an ideal circular membrane,"Akustik, Analyse oder physikalische Modellierung von Musikinstrumenten.",musical_instrument_acoustics,Musical instrument acoustics,Musikinstrumentenakustik,core,active,,1331456681,available,,False,False,False,main,JavaScript,,"[""acoustics"",""music"",""pde""]",0,0,0,2026-08-12T00:12:43Z,2026-08-12T00:12:47Z,2026-08-12T00:14:34Z,2026-08-22,2026-08-25T15:30:14Z
GHIAO-0095,audiolabs/SNDB,audiolabs/SNDB,https://github.com/audiolabs/SNDB,https://github.com/audiolabs/SNDB,"The Single Note Database, containing 30883 samples of 11 instruments from 4 datasets.","Instrumentenerkennung, Timbreklassifikation oder instrumentbezogener Datensatz.",instrument_recognition_and_datasets,"Instrument recognition, transcription, and datasets","Instrumentenerkennung, Transkription und Datensätze",core,active,,146425389,available,,False,False,False,master,,,"[""database"",""machine-learning""]",31,3,2,2018-08-28T09:41:41Z,2018-10-19T07:55:02Z,2026-07-05T14:50:36Z,2026-08-22,2026-08-25T15:30:14Z
GHIAO-0096,ybhan/Musical-Instrument-Recognition,ybhan/Musical-Instrument-Recognition,https://github.com/ybhan/Musical-Instrument-Recognition,https://github.com/ybhan/Musical-Instrument-Recognition,🎶 Musical instrument recognition in isolated notes and solo phrases by Gammatone and CNN,"Instrumentenerkennung, Timbreklassifikation oder instrumentbezogener Datensatz.",instrument_recognition_and_datasets,"Instrument recognition, transcription, and datasets","Instrumentenerkennung, Transkription und Datensätze",core,active,,176994327,available,,False,False,False,master,MATLAB,MIT,"[""cnn"",""gammatone"",""matlab"",""musical-instrument"",""python"",""recognition""]",1,0,0,2019-03-21T17:34:19Z,2019-09-30T02:01:47Z,2023-02-16T02:35:50Z,2026-08-22,2026-08-25T15:30:14Z
GHIAO-0097,SeyedMuhammadHosseinMousavi/Persian-Classical-Music-Instrument-Recognition-PCMIR-Using-a-Novel-Persian-Music-Database,SeyedMuhammadHosseinMousavi/Persian-Classical-Music-Instrument-Recognition-PCMIR-Using-a-Novel-Persian-Music-Database,https://github.com/SeyedMuhammadHosseinMousavi/Persian-Classical-Music-Instrument-Recognition-PCMIR-Using-a-Novel-Persian-Music-Database,https://github.com/SeyedMuhammadHosseinMousavi/Persian-Classical-Music-Instrument-Recognition-PCMIR-Using-a-Novel-Persian-Music-Database,Persian Classical Music Instrument Recognition (PCMIR) Using a Novel Persian Music Database,"Instrumentenerkennung, Timbreklassifikation oder instrumentbezogener Datensatz.",instrument_recognition_and_datasets,"Instrument recognition, transcription, and datasets","Instrumentenerkennung, Transkription und Datensätze",core,active,,425849508,available,https://ieeexplore.ieee.org/abstract/document/8965166,False,False,False,main,MATLAB,CC0-1.0,"[""classification"",""feature-extraction"",""feature-selection"",""fuzzy-logic"",""iccke"",""ieee"",""mfcc"",""mfcc-features"",""mousavi"",""multi-layered-neural-network"",""musical-instrument"",""persian-music"",""signal-processing"",""spectral-analysis"",""zero-crossing-rate-variation""]",2,1,0,2021-11-08T13:31:06Z,2024-11-25T19:39:31Z,2024-11-25T19:44:00Z,2026-08-22,2026-08-25T15:30:14Z
GHIAO-0098,minh-d-nguyen/Musical-Instrument-Classification,minh-d-nguyen/Musical-Instrument-Classification,https://github.com/minh-d-nguyen/Musical-Instrument-Classification,https://github.com/minh-d-nguyen/Musical-Instrument-Classification,A research project focused on how sound files of different musical instruments can be classified. The goal is to find an effective machine learning algorithm for this task by trying different algorithms.,"Instrumentenerkennung, Timbreklassifikation oder instrumentbezogener Datensatz.",instrument_recognition_and_datasets,"Instrument recognition, transcription, and datasets","Instrumentenerkennung, Transkription und Datensätze",core,active,,85739979,available,,False,False,False,master,Matlab,,"[""classification-algorithm"",""machine-learning"",""musical-instrument""]",0,0,0,2017-03-21T18:38:54Z,2017-04-30T07:19:41Z,2017-03-22T16:17:54Z,2026-08-22,2026-08-25T15:30:14Z
GHIAO-0099,Soumendraprasad/Musical-Instrument-Sound-Classification,Soumendraprasad/Musical-Instrument-Sound-Classification,https://github.com/Soumendraprasad/Musical-Instrument-Sound-Classification,https://github.com/Soumendraprasad/Musical-Instrument-Sound-Classification,Classification Of Musical Instrument by Their Sounds,"Instrumentenerkennung, Timbreklassifikation oder instrumentbezogener Datensatz.",instrument_recognition_and_datasets,"Instrument recognition, transcription, and datasets","Instrumentenerkennung, Transkription und Datensätze",core,active,,617807894,available,,False,False,False,master,Jupyter Notebook,,[],0,0,0,2023-03-23T06:38:08Z,2023-06-29T12:31:57Z,2023-03-23T08:59:31Z,2026-08-22,2026-08-25T15:30:14Z
GHIAO-0100,LMicol/instrument-classifier,LMicol/instrument-classifier,https://github.com/LMicol/instrument-classifier,https://github.com/LMicol/instrument-classifier,Classifying sound waves using machine learning,"Instrumentenerkennung, Timbreklassifikation oder instrumentbezogener Datensatz.",instrument_recognition_and_datasets,"Instrument recognition, transcription, and datasets","Instrumentenerkennung, Transkription und Datensätze",core,active,,902074568,available,,False,False,False,main,Jupyter Notebook,MIT,[],0,0,0,2024-12-11T21:22:28Z,2024-12-20T10:34:37Z,2024-12-20T15:54:17Z,2026-08-22,2026-08-25T15:30:14Z
GHIAO-0101,brenorb/NN-InstrumentPointer,brenorb/NN-InstrumentPointer,https://github.com/brenorb/NN-InstrumentPointer,https://github.com/brenorb/NN-InstrumentPointer,"A neural network which learns timbres of musical instruments and can, then, point which was it.","Instrumentenerkennung, Timbreklassifikation oder instrumentbezogener Datensatz.",instrument_recognition_and_datasets,"Instrument recognition, transcription, and datasets","Instrumentenerkennung, Transkription und Datensätze",core,active,,141490634,available,,False,False,False,master,Matlab,MIT,"[""cepstral-analysis"",""deep-learning"",""identification"",""musical-instruments""]",0,0,0,2018-07-18T21:10:55Z,2018-07-18T22:03:58Z,2022-10-14T01:27:45Z,2026-08-22,2026-08-25T15:30:14Z
GHIAO-0102,biboamy/IAD,biboamy/IAD,https://github.com/biboamy/IAD,https://github.com/biboamy/IAD,,"Instrumentenerkennung, Timbreklassifikation oder instrumentbezogener Datensatz.",instrument_recognition_and_datasets,"Instrument recognition, transcription, and datasets","Instrumentenerkennung, Transkription und Datensätze",core,active,,192280741,available,,False,False,False,master,Python,,[],10,3,1,2019-06-17T05:31:40Z,2019-08-02T15:13:00Z,2025-09-01T06:58:52Z,2026-08-22,2026-08-25T15:30:14Z
GHIAO-0103,biboamy/instrument-prediction,biboamy/instrument-prediction,https://github.com/biboamy/instrument-prediction,https://github.com/biboamy/instrument-prediction,,"Instrumentenerkennung, Timbreklassifikation oder instrumentbezogener Datensatz.",instrument_recognition_and_datasets,"Instrument recognition, transcription, and datasets","Instrumentenerkennung, Transkription und Datensätze",core,active,,136438804,available,,False,False,False,master,Python,MIT,[],27,4,3,2018-06-07T07:26:30Z,2020-05-12T02:53:37Z,2026-07-26T01:10:28Z,2026-08-22,2026-08-25T15:30:14Z
GHIAO-0104,Veleslavia/SMC2016,Veleslavia/SMC2016,https://github.com/Veleslavia/SMC2016,https://github.com/Veleslavia/SMC2016,The repo contains the code for a paper from SMC 2016 conference dedicated to the comparison of audio-based and image-based strategies for musical instrument recognition.,"Instrumentenerkennung, Timbreklassifikation oder instrumentbezogener Datensatz.",instrument_recognition_and_datasets,"Instrument recognition, transcription, and datasets","Instrumentenerkennung, Transkription und Datensätze",core,active,,63327742,available,,False,False,False,master,Jupyter Notebook,,[],1,0,0,2016-07-14T10:38:28Z,2016-09-03T19:57:53Z,2019-10-25T17:22:26Z,2026-08-22,2026-08-25T15:30:14Z
GHIAO-0105,Veleslavia/EUSIPCO2017,Veleslavia/EUSIPCO2017,https://github.com/Veleslavia/EUSIPCO2017,https://github.com/Veleslavia/EUSIPCO2017,"This repository contains code for musical instrument recognition experiments for the paper entitled ""Timbre Analysis of Music Audio Signals with Convolutional Neural Networks"".","Instrumentenerkennung, Timbreklassifikation oder instrumentbezogener Datensatz.",instrument_recognition_and_datasets,"Instrument recognition, transcription, and datasets","Instrumentenerkennung, Transkription und Datensätze",core,active,,84209921,available,,False,False,False,master,Python,AGPL-3.0,[],55,10,2,2017-03-07T14:40:48Z,2018-04-27T15:22:35Z,2026-06-10T11:33:45Z,2026-08-22,2026-08-25T15:30:14Z
GHIAO-0106,gilpanal/instrument_recognition_AST,gilpanal/instrument_recognition_AST,https://github.com/gilpanal/instrument_recognition_AST,https://github.com/gilpanal/instrument_recognition_AST,The code is a Proof Of Concept to study the accuracy of AST model when it comes to detect musical instruments from existing datasets such as MoisesDB and DSD100,"Instrumentenerkennung, Timbreklassifikation oder instrumentbezogener Datensatz.",instrument_recognition_and_datasets,"Instrument recognition, transcription, and datasets","Instrumentenerkennung, Transkription und Datensätze",core,active,,990724868,available,https://gilpanal.github.io/instrument_recognition_AST/,False,False,False,main,Python,MIT,"[""annotations"",""ast"",""dsd100"",""essentia"",""instruments"",""mir"",""moisesdb"",""musical"",""transformers""]",0,0,0,2025-05-26T14:34:59Z,2026-04-28T09:38:22Z,2026-04-28T09:38:25Z,2026-08-22,2026-08-25T15:30:14Z
GHIAO-0107,seungheondoh/instrument-classification,seungheondoh/instrument-classification,https://github.com/seungheondoh/instrument-classification,https://github.com/seungheondoh/instrument-classification,Music Instrument Classification using Machine Learning Algorithm,"Instrumentenerkennung, Timbreklassifikation oder instrumentbezogener Datensatz.",instrument_recognition_and_datasets,"Instrument recognition, transcription, and datasets","Instrumentenerkennung, Transkription und Datensätze",core,active,,179987525,available,,False,False,False,master,Python,,"[""machine-learning"",""music-instrument-classification"",""nsynth""]",15,9,0,2019-04-07T15:46:41Z,2019-04-07T16:39:51Z,2026-05-10T17:35:13Z,2026-08-22,2026-08-25T15:30:14Z
GHIAO-0108,KunalDhawan/Musical-Instrument-Detection,KunalDhawan/Musical-Instrument-Detection,https://github.com/KunalDhawan/Musical-Instrument-Detection,https://github.com/KunalDhawan/Musical-Instrument-Detection,A Digital Signal Processing course project aimed at building a system for effective musical instrument detection given a sound recording,"Instrumentenerkennung, Timbreklassifikation oder instrumentbezogener Datensatz.",instrument_recognition_and_datasets,"Instrument recognition, transcription, and datasets","Instrumentenerkennung, Transkription und Datensätze",core,active,,113409851,available,,False,False,False,master,Matlab,,[],7,0,0,2017-12-07T06:04:10Z,2017-12-07T06:25:54Z,2026-05-10T17:36:16Z,2026-08-22,2026-08-25T15:30:14Z
GHIAO-0109,AbubakarSarwar/Instrument-Classification-of-IRMAS-Dataset,AbubakarSarwar/Instrument-Classification-of-IRMAS-Dataset,https://github.com/AbubakarSarwar/Instrument-Classification-of-IRMAS-Dataset,https://github.com/AbubakarSarwar/Instrument-Classification-of-IRMAS-Dataset,"- The purpose of this research is to compare and contrast the different algorithm’s results over the IRMAS dataset. The dataset contains 4 different instruments Electric Guitar, Acoustic Guitar, Violin and Trumpet. The features extraction process is performed using the Librosa library and numerous features were extracted such as tempo, beat frames, mfcc etc. Feature selection was done by dimension reduction techniques such as Principal Component Analysis and L1 based feature selection. The method used to classify the instruments were a series of five classification algorithms(KNN, Naive Bayes, Random Forest, Decision Tree, Bagging) using three different approaches which consists of K-folds, Hold out and Leave one out. The results were then compared and contrasted with respect to accuracy.","Instrumentenerkennung, Timbreklassifikation oder instrumentbezogener Datensatz.",instrument_recognition_and_datasets,"Instrument recognition, transcription, and datasets","Instrumentenerkennung, Transkription und Datensätze",core,active,,90856581,available,,False,False,False,master,Python,,[],3,2,0,2017-05-10T11:25:41Z,2017-05-10T11:51:29Z,2023-12-12T15:02:11Z,2026-08-22,2026-08-25T15:30:14Z
GHIAO-0110,HaoranWeiUTD/ChMusic,HaoranWeiUTD/ChMusic,https://github.com/HaoranWeiUTD/ChMusic,https://github.com/HaoranWeiUTD/ChMusic,Baseline solution for Chinese traditional instrument recognition on ChMusic dataset,"Instrumentenerkennung, Timbreklassifikation oder instrumentbezogener Datensatz.",instrument_recognition_and_datasets,"Instrument recognition, transcription, and datasets","Instrumentenerkennung, Transkription und Datensätze",core,active,,391263844,available,,False,False,False,main,Python,MIT,[],19,4,0,2021-07-31T05:27:53Z,2023-03-01T06:26:20Z,2025-12-19T02:53:25Z,2026-08-22,2026-08-25T15:30:14Z
GHIAO-0111,anirudhs123/Music-Instrument-Classification,anirudhs123/Music-Instrument-Classification,https://github.com/anirudhs123/Music-Instrument-Classification,https://github.com/anirudhs123/Music-Instrument-Classification,"In this project we use a Lightweight-CNN based model to classify instruments from the Freesound audio data set. We make use of Mel-Spectrogram features from the input audio data as the input to the CNN model. To add robustness to the model, we use a novel data augmentation technique based on the Cut-Mix algorithm. ","Instrumentenerkennung, Timbreklassifikation oder instrumentbezogener Datensatz.",instrument_recognition_and_datasets,"Instrument recognition, transcription, and datasets","Instrumentenerkennung, Transkription und Datensätze",core,active,,371707562,available,https://anirudhs123.github.io/ Music-Instrument-Classification/,False,False,False,main,Jupyter Notebook,,"[""class-activation-maps"",""cnn"",""cutmix-augmentation"",""hyperparameter-tuning"",""mel-spectrogram"",""pruning""]",11,3,0,2021-05-28T13:20:39Z,2021-09-21T05:01:34Z,2026-04-01T06:44:32Z,2026-08-22,2026-08-25T15:30:14Z
GHIAO-0112,OdysseasKr/irmas-cnn,OdysseasKr/irmas-cnn,https://github.com/OdysseasKr/irmas-cnn,https://github.com/OdysseasKr/irmas-cnn,Experiments on musical instrument recognition with the IRMAS dataset and Convolutional Neural Networks,"Instrumentenerkennung, Timbreklassifikation oder instrumentbezogener Datensatz.",instrument_recognition_and_datasets,"Instrument recognition, transcription, and datasets","Instrumentenerkennung, Transkription und Datensätze",core,active,,137237219,available,,False,False,False,master,Jupyter Notebook,,"[""convolutional-neural-networks"",""irmas"",""music-information-retrieval"",""tensorflow""]",10,3,1,2018-06-13T15:48:07Z,2019-04-23T02:28:56Z,2025-11-27T06:28:03Z,2026-08-22,2026-08-25T15:30:14Z
GHIAO-0113,Jay-Codeman/Musical-Instrument-Recognition-by-XGBoost,Jay-Codeman/Musical-Instrument-Recognition-by-XGBoost,https://github.com/Jay-Codeman/Musical-Instrument-Recognition-by-XGBoost,https://github.com/Jay-Codeman/Musical-Instrument-Recognition-by-XGBoost,,"Instrumentenerkennung, Timbreklassifikation oder instrumentbezogener Datensatz.",instrument_recognition_and_datasets,"Instrument recognition, transcription, and datasets","Instrumentenerkennung, Transkription und Datensätze",core,active,,487432754,available,,False,False,False,master,Jupyter Notebook,,[],0,1,0,2022-05-01T03:06:18Z,2022-05-21T12:06:19Z,2023-04-03T01:33:14Z,2026-08-22,2026-08-25T15:30:14Z
GHIAO-0114,claudia-hm/IRMAS_Deep_Learning,claudia-hm/IRMAS_Deep_Learning,https://github.com/claudia-hm/IRMAS_Deep_Learning,https://github.com/claudia-hm/IRMAS_Deep_Learning,Final project of the subject Deep Learning 2020 in UPF. ,"Instrumentenerkennung, Timbreklassifikation oder instrumentbezogener Datensatz.",instrument_recognition_and_datasets,"Instrument recognition, transcription, and datasets","Instrumentenerkennung, Transkription und Datensätze",core,active,,270278454,available,,False,False,False,master,Jupyter Notebook,,[],3,0,0,2020-06-07T11:02:26Z,2020-06-17T10:30:34Z,2025-06-08T09:39:22Z,2026-08-22,2026-08-25T15:30:14Z
GHIAO-0115,Okwy-UE/Audio-Classification-for-Musical-Instruments,Okwy-UE/Audio-Classification-for-Musical-Instruments,https://github.com/Okwy-UE/Audio-Classification-for-Musical-Instruments,https://github.com/Okwy-UE/Audio-Classification-for-Musical-Instruments,"Inspired by a Kaggle competition, this project aims to classify sound by its source musical instrument","Instrumentenerkennung, Timbreklassifikation oder instrumentbezogener Datensatz.",instrument_recognition_and_datasets,"Instrument recognition, transcription, and datasets","Instrumentenerkennung, Transkription und Datensätze",core,active,,535127265,available,,False,False,False,main,Jupyter Notebook,,[],0,0,0,2022-09-10T21:50:31Z,2022-09-10T22:00:21Z,2022-09-11T15:10:53Z,2026-08-22,2026-08-25T15:30:14Z
GHIAO-0116,RiddhiRex/DetectingMusicInstruments,RiddhiRex/DetectingMusicInstruments,https://github.com/RiddhiRex/DetectingMusicInstruments,https://github.com/RiddhiRex/DetectingMusicInstruments,Detecting what music instrument is played in the music piece,"Instrumentenerkennung, Timbreklassifikation oder instrumentbezogener Datensatz.",instrument_recognition_and_datasets,"Instrument recognition, transcription, and datasets","Instrumentenerkennung, Transkription und Datensätze",core,active,,107924407,available,,False,False,False,master,Jupyter Notebook,,[],3,1,0,2017-10-23T02:50:38Z,2018-07-25T20:16:19Z,2026-05-10T17:36:17Z,2026-08-22,2026-08-25T15:30:14Z
GHIAO-0117,ciglenecki/ml-competition-audio-instruments,ciglenecki/ml-competition-audio-instruments,https://github.com/ciglenecki/ml-competition-audio-instruments,https://github.com/ciglenecki/ml-competition-audio-instruments,🎸 Audio Instruments Classification – 2nd place,"Instrumentenerkennung, Timbreklassifikation oder instrumentbezogener Datensatz.",instrument_recognition_and_datasets,"Instrument recognition, transcription, and datasets","Instrumentenerkennung, Transkription und Datensätze",core,active,,599086139,available,,False,False,False,dev,Jupyter Notebook,,[],6,2,4,2023-02-08T12:29:53Z,2026-02-11T23:09:22Z,2026-05-10T17:36:19Z,2026-08-22,2026-08-25T15:30:14Z
GHIAO-0118,shubham-iitg-ece/Musical-Instrument-Detection,shubham-iitg-ece/Musical-Instrument-Detection,https://github.com/shubham-iitg-ece/Musical-Instrument-Detection,https://github.com/shubham-iitg-ece/Musical-Instrument-Detection,EE320 Digital Signal Processing Project,"Instrumentenerkennung, Timbreklassifikation oder instrumentbezogener Datensatz.",instrument_recognition_and_datasets,"Instrument recognition, transcription, and datasets","Instrumentenerkennung, Transkription und Datensätze",core,active,,149987975,available,https://k-priyadarshi.github.io/DSP-Project/,False,False,False,master,MATLAB,,[],1,1,0,2018-09-23T13:41:00Z,2022-10-25T19:26:37Z,2022-10-25T19:26:42Z,2026-08-22,2026-08-25T15:30:14Z
GHIAO-0119,nii-yamagishilab/predominant-instrument-recognition,nii-yamagishilab/predominant-instrument-recognition,https://github.com/nii-yamagishilab/predominant-instrument-recognition,https://github.com/nii-yamagishilab/predominant-instrument-recognition,,"Instrumentenerkennung, Timbreklassifikation oder instrumentbezogener Datensatz.",instrument_recognition_and_datasets,"Instrument recognition, transcription, and datasets","Instrumentenerkennung, Transkription und Datensätze",core,active,,575677455,available,,False,False,False,main,Python,MIT,[],2,0,0,2022-12-08T03:40:57Z,2023-09-02T09:55:12Z,2026-02-21T08:37:11Z,2026-08-22,2026-08-25T15:30:14Z
GHIAO-0120,ejhumphrey/minst-dataset,ejhumphrey/minst-dataset,https://github.com/ejhumphrey/minst-dataset,https://github.com/ejhumphrey/minst-dataset,Music INSTrument dataset,"Instrumentenerkennung, Timbreklassifikation oder instrumentbezogener Datensatz.",instrument_recognition_and_datasets,"Instrument recognition, transcription, and datasets","Instrumentenerkennung, Transkription und Datensätze",core,active,,54579397,available,,False,False,False,master,Jupyter Notebook,ISC,[],66,10,5,2016-03-23T17:22:58Z,2016-09-08T04:34:32Z,2026-07-29T17:03:46Z,2026-08-22,2026-08-25T15:30:14Z
GHIAO-0121,charisrenee/InstrumentRecognitionWithDiffusion,charisrenee/InstrumentRecognitionWithDiffusion,https://github.com/charisrenee/InstrumentRecognitionWithDiffusion,https://github.com/charisrenee/InstrumentRecognitionWithDiffusion,Experiments accompanying the ICASSP 2026 paper LEVERAGING DIFFUSION U-NET FEATURES FOR PREDOMINANT INSTRUMENT RECOGNITION.,"Instrumentenerkennung, Timbreklassifikation oder instrumentbezogener Datensatz.",instrument_recognition_and_datasets,"Instrument recognition, transcription, and datasets","Instrumentenerkennung, Transkription und Datensätze",core,active,,1144602222,available,,False,False,False,main,Python,,[],0,0,0,2026-01-28T20:53:12Z,2026-05-06T09:37:03Z,2026-05-06T09:37:07Z,2026-08-22,2026-08-25T15:30:14Z
GHIAO-0122,babaktr/musical-instrument-recognition,babaktr/musical-instrument-recognition,https://github.com/babaktr/musical-instrument-recognition,https://github.com/babaktr/musical-instrument-recognition,"Machine Learning Project, using Artificial Neural Networks in Musical instrument Recognition.","Instrumentenerkennung, Timbreklassifikation oder instrumentbezogener Datensatz.",instrument_recognition_and_datasets,"Instrument recognition, transcription, and datasets","Instrumentenerkennung, Transkription und Datensätze",core,active,,59942758,available,,False,False,False,master,Matlab,,[],50,9,1,2016-05-29T12:48:51Z,2017-05-16T19:25:14Z,2025-10-08T16:07:12Z,2026-08-22,2026-08-25T15:30:14Z
GHIAO-0123,bissessk/Musical-Instrument-Classification-Using-Deep-Learning,bissessk/Musical-Instrument-Classification-Using-Deep-Learning,https://github.com/bissessk/Musical-Instrument-Classification-Using-Deep-Learning,https://github.com/bissessk/Musical-Instrument-Classification-Using-Deep-Learning,"This project involves classifying musical instruments given a sample of music. The goal was to determine which instrument (e.g. trumpet, violin, piano) is playing. ","Instrumentenerkennung, Timbreklassifikation oder instrumentbezogener Datensatz.",instrument_recognition_and_datasets,"Instrument recognition, transcription, and datasets","Instrumentenerkennung, Transkription und Datensätze",core,active,,310727748,available,,False,False,False,main,Jupyter Notebook,,"[""deep-learning"",""deep-neural-networks"",""music-instrument-classification"",""pytorch""]",5,0,0,2020-11-06T23:30:24Z,2021-01-06T23:20:18Z,2024-11-12T17:43:29Z,2026-08-22,2026-08-25T15:30:14Z
GHIAO-0124,just-for-dream-0x10/InstrumentTimbre,just-for-dream-0x10/InstrumentTimbre,https://github.com/just-for-dream-0x10/InstrumentTimbre,https://github.com/just-for-dream-0x10/InstrumentTimbre,A simple timbre extraction model.,"Instrumentenerkennung, Timbreklassifikation oder instrumentbezogener Datensatz.",instrument_recognition_and_datasets,"Instrument recognition, transcription, and datasets","Instrumentenerkennung, Transkription und Datensätze",core,active,,966652050,available,,False,False,False,master,Python,,[],0,1,0,2025-04-15T08:48:21Z,2025-10-26T06:21:14Z,2025-10-17T03:52:19Z,2026-08-22,2026-08-25T15:30:14Z
GHIAO-0125,gagi3/instrecognition-tool,gagi3/instrecognition-tool,https://github.com/gagi3/instrecognition-tool,https://github.com/gagi3/instrecognition-tool,A tool for instrument recognition.,"Instrumentenerkennung, Timbreklassifikation oder instrumentbezogener Datensatz.",instrument_recognition_and_datasets,"Instrument recognition, transcription, and datasets","Instrumentenerkennung, Transkription und Datensätze",core,active,,170159675,available,,False,False,False,master,Jupyter Notebook,,"[""discrete-cosine-transform"",""fourier-transform"",""instrument-recognition"",""irmas"",""k-nearest-neighbors"",""k-nearest-neighbours"",""knn"",""knn-classification"",""machine-learning"",""mel-frequency-cepstral-coefficients"",""mfcc""]",0,0,0,2019-02-11T16:13:24Z,2019-07-04T20:43:11Z,2019-07-04T20:43:13Z,2026-08-22,2026-08-25T15:30:14Z
GHIAO-0126,orchidas/Instrument-Classification,orchidas/Instrument-Classification,https://github.com/orchidas/Instrument-Classification,https://github.com/orchidas/Instrument-Classification,CS 229 Project,"Instrumentenerkennung, Timbreklassifikation oder instrumentbezogener Datensatz.",instrument_recognition_and_datasets,"Instrument recognition, transcription, and datasets","Instrumentenerkennung, Transkription und Datensätze",core,active,,188546975,available,,False,False,False,master,Python,,[],2,1,0,2019-05-25T09:32:28Z,2024-06-01T13:27:46Z,2026-02-09T05:41:48Z,2026-08-22,2026-08-25T15:30:14Z
GHIAO-0127,vskadandale/instrument-recognition-polyphonic,vskadandale/instrument-recognition-polyphonic,https://github.com/vskadandale/instrument-recognition-polyphonic,https://github.com/vskadandale/instrument-recognition-polyphonic,"Implementations for master thesis ""Musical Instrument Recognition in Multi-Instrument Audio Contexts"" with MedleyDB.","Instrumentenerkennung, Timbreklassifikation oder instrumentbezogener Datensatz.",instrument_recognition_and_datasets,"Instrument recognition, transcription, and datasets","Instrumentenerkennung, Transkription und Datensätze",core,active,,146516072,available,,False,False,False,master,Python,GPL-3.0,"[""cnn-keras"",""deep-learning"",""music-information-retrieval"",""musical-instrument""]",16,3,0,2018-08-28T22:58:58Z,2019-04-04T18:45:13Z,2026-07-10T06:12:33Z,2026-08-22,2026-08-25T15:30:14Z
GHIAO-0128,tiffanyyk/APS360-instrument-classification,tiffanyyk/APS360-instrument-classification,https://github.com/tiffanyyk/APS360-instrument-classification,https://github.com/tiffanyyk/APS360-instrument-classification,Course project for APS360 (Artificial Intelligence Fundamentals) at U of T,"Instrumentenerkennung, Timbreklassifikation oder instrumentbezogener Datensatz.",instrument_recognition_and_datasets,"Instrument recognition, transcription, and datasets","Instrumentenerkennung, Transkription und Datensätze",core,active,,270035883,available,,False,False,False,master,Jupyter Notebook,,"[""audio-data"",""instrument-audios"",""multi-instrument-samples"",""multi-label-classification"",""transfer-learning""]",0,2,0,2020-06-06T16:21:12Z,2021-01-03T02:26:37Z,2025-10-12T00:20:10Z,2026-08-22,2026-08-25T15:30:14Z
GHIAO-0129,Mirlan-code/Musical-Instrument-Recognition,Mirlan-code/Musical-Instrument-Recognition,https://github.com/Mirlan-code/Musical-Instrument-Recognition,https://github.com/Mirlan-code/Musical-Instrument-Recognition,Musical Instrument Recognition DS Project,"Instrumentenerkennung, Timbreklassifikation oder instrumentbezogener Datensatz.",instrument_recognition_and_datasets,"Instrument recognition, transcription, and datasets","Instrumentenerkennung, Transkription und Datensätze",core,active,,242478886,available,,False,False,False,master,Python,,[],0,0,0,2020-02-23T08:02:10Z,2020-09-28T19:59:02Z,2020-09-28T19:59:34Z,2026-08-22,2026-08-25T15:30:14Z
GHIAO-0130,marl/medleydb,marl/medleydb,https://github.com/marl/medleydb,https://github.com/marl/medleydb,,"Instrumentenerkennung, Timbreklassifikation oder instrumentbezogener Datensatz.",instrument_recognition_and_datasets,"Instrument recognition, transcription, and datasets","Instrumentenerkennung, Transkription und Datensätze",adjacent,active,,23791764,available,http://medleydb.weebly.com/,False,False,False,master,Python,MIT,[],217,47,22,2014-09-08T13:30:57Z,2024-05-29T07:50:50Z,2026-08-18T18:53:52Z,2026-08-22,2026-08-25T15:30:14Z
GHIAO-0131,LCAV/pyroomacoustics,LCAV/pyroomacoustics,https://github.com/LCAV/pyroomacoustics,https://github.com/LCAV/pyroomacoustics,Pyroomacoustics is a package for audio signal processing for indoor applications. It was developed as a fast prototyping platform for beamforming algorithms in indoor scenarios.,"Python-Paket für Raumakustiksimulation, RIRs und Mikrofonarrays.",room_and_virtual_acoustics,Room and virtual acoustics,Raum- und virtuelle Akustik,core,active,,48544147,available,https://pyroomacoustics.readthedocs.io,False,False,False,master,Python,MIT,"[""acoustics"",""adaptive-filtering"",""audio"",""beamforming"",""doa"",""image-source-model"",""room-impulse-response"",""stft""]",1929,496,22,2015-12-24T13:41:25Z,2026-07-17T01:55:51Z,2026-08-23T06:37:44Z,2026-08-22,2026-08-25T15:30:14Z
GHIAO-0132,audiolabs/DEISM,audiolabs/DEISM,https://github.com/audiolabs/DEISM,https://github.com/audiolabs/DEISM,Diffraction Enhanced Image Source Method (Python),"Raumakustik, virtuelle Akustik, RIR-Simulation oder akustisches Raytracing.",room_and_virtual_acoustics,Room and virtual acoustics,Raum- und virtuelle Akustik,core,active,,666336301,available,https://deism.readthedocs.io,False,False,False,main,C++,NOASSERTION,"[""audio-devices"",""comsol-multiphysics"",""directivity"",""finite-element-methods"",""image-source-model"",""room-acoustics-simulation"",""room-impulse-responses"",""room-transfer-functions"",""smart-speakers"",""transducers""]",35,4,1,2023-07-14T09:04:06Z,2026-08-08T12:08:29Z,2026-08-14T01:41:35Z,2026-08-22,2026-08-25T15:30:14Z
GHIAO-0133,Universite-Gustave-Eiffel/I-Simpa,Universite-Gustave-Eiffel/I-Simpa,https://github.com/Universite-Gustave-Eiffel/I-Simpa,https://github.com/Universite-Gustave-Eiffel/I-Simpa,An Open Source software for 3D sound propagation modelling,3D-Schallausbreitungs- und Raumakustikmodellierung.,room_and_virtual_acoustics,Room and virtual acoustics,Raum- und virtuelle Akustik,core,active,,17936552,available,https://i-simpa.univ-gustave-eiffel.fr/,False,False,False,main,C++,GPL-3.0,"[""acoustic"",""gui"",""modelisation"",""numerical-codes"",""room-acoustics"",""sound""]",297,71,122,2014-03-20T09:11:46Z,2026-01-18T07:44:02Z,2026-07-20T06:08:57Z,2026-08-22,2026-08-25T15:30:14Z
GHIAO-0134,Building-acoustics-TU-Eindhoven/edg-acoustics,Building-acoustics-TU-Eindhoven/edg-acoustics,https://github.com/Building-acoustics-TU-Eindhoven/edg-acoustics,https://github.com/Building-acoustics-TU-Eindhoven/edg-acoustics,Wave-based room acoustic modeling package with the DG method,"Raumakustik, virtuelle Akustik, RIR-Simulation oder akustisches Raytracing.",room_and_virtual_acoustics,Room and virtual acoustics,Raum- und virtuelle Akustik,core,active,,566830543,available,https://dg-roomacoustics.readthedocs.io/,False,False,False,main,Python,GPL-3.0,"[""discontinuous-galerkin-method"",""finite-element-methods"",""high-order"",""impulse-response"",""room-acoustic-modeling"",""wave-based-room-acoustics""]",23,5,10,2022-11-16T14:10:03Z,2025-10-16T15:26:09Z,2026-06-07T13:54:18Z,2026-08-22,2026-08-25T15:30:14Z
GHIAO-0135,choras-org/CHORAS,choras-org/CHORAS,https://github.com/choras-org/CHORAS,https://github.com/choras-org/CHORAS,The Community Hub for Open-source Room Acoustics Software (CHORAS),"Raumakustik, virtuelle Akustik, RIR-Simulation oder akustisches Raytracing.",room_and_virtual_acoustics,Room and virtual acoustics,Raum- und virtuelle Akustik,core,active,,926016117,available,https://choras.readthedocs.io/en/latest/,False,False,False,dev,Batchfile,GPL-3.0,[],41,15,36,2025-02-02T10:43:43Z,2026-08-20T15:44:39Z,2026-08-20T15:55:57Z,2026-08-22,2026-08-25T15:30:14Z
GHIAO-0136,Building-acoustics-TU-Eindhoven/Diffusion,,https://github.com/Building-acoustics-TU-Eindhoven/Diffusion,,,Ehemaliges Repository zur raumakustischen Diffusionsmodellierung; in GHIAO-0138 aufgegangen.,room_and_virtual_acoustics,Room and virtual acoustics,Raum- und virtuelle Akustik,core,merged,GHIAO-0138,,merged,,,,,,,,[],,,,,,,2026-08-22,2026-08-25T15:30:14Z
GHIAO-0137,Building-acoustics-TU-Eindhoven/EAVR-v2,Building-acoustics-TU-Eindhoven/EAVR-v2,https://github.com/Building-acoustics-TU-Eindhoven/EAVR-v2,https://github.com/Building-acoustics-TU-Eindhoven/EAVR-v2,,"Raumakustik, virtuelle Akustik, RIR-Simulation oder akustisches Raytracing.",room_and_virtual_acoustics,Room and virtual acoustics,Raum- und virtuelle Akustik,core,active,,615376739,available,,False,False,False,main,C#,MIT,[],7,1,3,2023-03-17T14:54:44Z,2025-04-30T10:05:15Z,2026-05-13T09:54:06Z,2026-08-22,2026-08-25T15:30:14Z
GHIAO-0138,Building-acoustics-TU-Eindhoven/acousticDE,Building-acoustics-TU-Eindhoven/acousticDE,https://github.com/Building-acoustics-TU-Eindhoven/acousticDE,https://github.com/Building-acoustics-TU-Eindhoven/acousticDE,"This is a diffusion equation model for room acoustics predictions, developed in Python.","Raumakustik, virtuelle Akustik, RIR-Simulation oder akustisches Raytracing.",room_and_virtual_acoustics,Room and virtual acoustics,Raum- und virtuelle Akustik,core,active,,607243374,available,https://building-acoustics-tu-eindhoven.github.io/acousticDE/,False,False,False,master,Python,GPL-2.0,[],11,4,1,2023-02-27T15:54:43Z,2026-08-10T10:20:54Z,2026-08-10T10:20:17Z,2026-08-22,2026-08-25T15:30:14Z
GHIAO-0139,pyfar/pyrato,pyfar/pyrato,https://github.com/pyfar/pyrato,https://github.com/pyfar/pyrato,Python Room Acoustics Tools,"Raumakustik, virtuelle Akustik, RIR-Simulation oder akustisches Raytracing.",room_and_virtual_acoustics,Room and virtual acoustics,Raum- und virtuelle Akustik,core,active,,294441447,available,https://pyfar.org/,False,False,False,main,Python,MIT,[],24,14,29,2020-09-10T14:58:47Z,2026-08-25T15:15:21Z,2026-07-11T20:53:58Z,2026-08-22,2026-08-25T15:30:14Z
GHIAO-0140,SeicheAcoustics/Seiche,SeicheAcoustics/Seiche,https://github.com/SeicheAcoustics/Seiche,https://github.com/SeicheAcoustics/Seiche,An open-source application for 3D acoustic simulation,"Raumakustik, virtuelle Akustik, RIR-Simulation oder akustisches Raytracing.",room_and_virtual_acoustics,Room and virtual acoustics,Raum- und virtuelle Akustik,core,active,,932423178,available,https://seicheacoustics.github.io,False,False,False,main,C++,MIT,"[""3d-visualization"",""acoustics"",""sound"",""visualization-tool""]",84,7,7,2025-02-13T22:16:39Z,2026-08-23T00:06:55Z,2026-08-23T00:07:22Z,2026-08-22,2026-08-25T15:30:14Z
GHIAO-0141,PachydermAcoustic/PachydermAcoustic_Universal,PachydermAcoustic/PachydermAcoustic_Universal,https://github.com/PachydermAcoustic/PachydermAcoustic_Universal,https://github.com/PachydermAcoustic/PachydermAcoustic_Universal,,"Raumakustik, virtuelle Akustik, RIR-Simulation oder akustisches Raytracing.",room_and_virtual_acoustics,Room and virtual acoustics,Raum- und virtuelle Akustik,core,active,,82883813,available,,False,False,False,master,C#,NOASSERTION,[],17,7,2,2017-02-23T04:22:35Z,2026-08-25T03:52:52Z,2026-08-25T03:53:39Z,2026-08-22,2026-08-25T15:30:14Z
GHIAO-0142,PachydermAcoustic/PachydermAcoustic_Rhinoceros,PachydermAcoustic/PachydermAcoustic_Rhinoceros,https://github.com/PachydermAcoustic/PachydermAcoustic_Rhinoceros,https://github.com/PachydermAcoustic/PachydermAcoustic_Rhinoceros,The popular acoustical simulation plugin for Rhinoceros.,"Raumakustik, virtuelle Akustik, RIR-Simulation oder akustisches Raytracing.",room_and_virtual_acoustics,Room and virtual acoustics,Raum- und virtuelle Akustik,core,active,,37369459,available,,False,False,False,master,C#,NOASSERTION,[],50,11,1,2015-06-13T11:45:57Z,2026-08-25T03:52:49Z,2026-08-25T03:52:59Z,2026-08-22,2026-08-25T15:30:14Z
GHIAO-0143,PachydermAcoustic/PachydermAcoustic_Grasshopper,PachydermAcoustic/PachydermAcoustic_Grasshopper,https://github.com/PachydermAcoustic/PachydermAcoustic_Grasshopper,https://github.com/PachydermAcoustic/PachydermAcoustic_Grasshopper,The Grasshopper Extension of Pachyderm Acoustic,"Raumakustik, virtuelle Akustik, RIR-Simulation oder akustisches Raytracing.",room_and_virtual_acoustics,Room and virtual acoustics,Raum- und virtuelle Akustik,core,active,,37374051,available,,False,False,False,master,C#,,[],28,5,2,2015-06-13T14:17:22Z,2026-04-29T03:39:48Z,2026-06-26T13:07:37Z,2026-08-22,2026-08-25T15:30:14Z
GHIAO-0144,yongyizang/GSound-SIR,yongyizang/GSound-SIR,https://github.com/yongyizang/GSound-SIR,https://github.com/yongyizang/GSound-SIR,A Python Room Spatial Impulse Response Ray-Tracing Toolkit,"Raumakustik, virtuelle Akustik, RIR-Simulation oder akustisches Raytracing.",room_and_virtual_acoustics,Room and virtual acoustics,Raum- und virtuelle Akustik,core,active,,930131415,available,,False,False,False,main,C++,Apache-2.0,[],88,10,0,2025-02-10T05:53:49Z,2026-03-04T05:38:45Z,2026-08-25T07:54:32Z,2026-08-22,2026-08-25T15:30:14Z
GHIAO-0145,EVERTims/auralization_engine_evertims,EVERTims/auralization_engine_evertims,https://github.com/EVERTims/auralization_engine_evertims,https://github.com/EVERTims/auralization_engine_evertims,EVERTims Auralization Engine,Echtzeit-Auralisierungs-Engine mit binauraler und ambisonischer Wiedergabe für EVERTims.,spatial_audio_and_auralization,Spatial audio and auralization,Räumliches Audio und Auralisierung,core,active,,65049944,available,,False,False,False,master,C++,NOASSERTION,"[""ambisonics"",""auralization-engine"",""binaural"",""evertims"",""image-source-model"",""juce""]",44,10,5,2016-08-05T21:23:12Z,2019-10-27T22:36:58Z,2025-02-25T13:26:55Z,2026-08-22,2026-08-25T15:30:14Z
GHIAO-0146,thomasdeppisch/room-acoustic-matching,thomasdeppisch/room-acoustic-matching,https://github.com/thomasdeppisch/room-acoustic-matching,https://github.com/thomasdeppisch/room-acoustic-matching,"Repository with code and listening examples for ""Identification and Matching of Room Acoustics With Moving Head-Worn Microphone Arrays""","Raumakustik, virtuelle Akustik, RIR-Simulation oder akustisches Raytracing.",room_and_virtual_acoustics,Room and virtual acoustics,Raum- und virtuelle Akustik,core,active,,1223564023,available,,False,False,False,main,MATLAB,NOASSERTION,[],0,0,0,2026-04-28T12:49:41Z,2026-04-28T14:14:31Z,2026-04-28T14:29:52Z,2026-08-22,2026-08-25T15:30:14Z
GHIAO-0147,facebookresearch/AcousticRooms,facebookresearch/AcousticRooms,https://github.com/facebookresearch/AcousticRooms,https://github.com/facebookresearch/AcousticRooms,"Open repository of simulated Room Impulse Responses (RIR) accompanying the paper ""Hearing Anywhere in Any Environment""","Raumakustik, virtuelle Akustik, RIR-Simulation oder akustisches Raytracing.",room_and_virtual_acoustics,Room and virtual acoustics,Raum- und virtuelle Akustik,core,active,,991460558,available,,False,False,False,clean-main,,CC-BY-4.0,[],82,3,4,2025-05-27T16:53:59Z,2025-08-11T07:24:40Z,2026-07-30T14:21:25Z,2026-08-22,2026-08-25T15:30:14Z
GHIAO-0148,bsxfun/pffdtd,bsxfun/pffdtd,https://github.com/bsxfun/pffdtd,https://github.com/bsxfun/pffdtd,PFFDTD is an open-source FDTD simulator for 3D room acoustics,"Raumakustik, virtuelle Akustik, RIR-Simulation oder akustisches Raytracing.",room_and_virtual_acoustics,Room and virtual acoustics,Raum- und virtuelle Akustik,core,active,,389413223,available,,False,False,False,main,Python,MIT,[],140,31,1,2021-07-25T18:16:24Z,2024-02-08T11:08:51Z,2026-08-20T21:03:29Z,2026-08-22,2026-08-25T15:30:14Z
GHIAO-0149,Graphi07/room-impulse-responses,Graphi07/room-impulse-responses,https://github.com/Graphi07/room-impulse-responses,https://github.com/Graphi07/room-impulse-responses,A list of publicly available room impulse response datasets and scripts to download them. ,Kuratiertes Verzeichnis öffentlich verfügbarer gemessener Raumimpulsantwort-Datensätze mit Download-Skripten.,meta_resources,Curated lists and meta-resources,Kuratierte Listen und Meta-Ressourcen,core,active,,349542491,available,,False,False,False,master,Shell,,"[""acoustics"",""room-impulse-response"",""speech""]",603,51,3,2021-03-19T20:04:10Z,2026-08-21T20:28:49Z,2026-08-21T20:24:53Z,2026-08-22,2026-08-25T15:30:14Z
GHIAO-0150,Bk8/Auris,Bk8/Auris,https://github.com/Bk8/Auris,https://github.com/Bk8/Auris,HRTF Auralization Engine Built with Juce,HRTF-basierte Auralisierungs-Engine für binaurale räumliche Audiowiedergabe mit JUCE.,spatial_audio_and_auralization,Spatial audio and auralization,Räumliches Audio und Auralisierung,core,active,,107179031,available,,False,False,False,master,C,NOASSERTION,[],0,2,0,2017-10-16T20:24:30Z,2017-10-16T20:51:41Z,2017-10-16T20:26:38Z,2026-08-22,2026-08-25T15:30:14Z
GHIAO-0151,aluo-x/Learning_Neural_Acoustic_Fields,aluo-x/Learning_Neural_Acoustic_Fields,https://github.com/aluo-x/Learning_Neural_Acoustic_Fields,https://github.com/aluo-x/Learning_Neural_Acoustic_Fields,"Official code for ""Learning Neural Acoustic Fields"" (NeurIPS 2022)","Raumakustik, virtuelle Akustik, RIR-Simulation oder akustisches Raytracing.",room_and_virtual_acoustics,Room and virtual acoustics,Raum- und virtuelle Akustik,core,active,,463999907,available,,False,False,False,master,Python,Apache-2.0,"[""3d-audio"",""acoustic-model"",""acoustic-models"",""acoustics"",""implicit-functions"",""impulse-response"",""neural-field"",""neural-fields"",""pytorch"",""reverberation"",""spatial-audio"",""spatial-audio-reproduction""]",169,22,0,2022-02-27T00:26:36Z,2024-01-20T19:07:16Z,2026-08-19T06:36:17Z,2026-08-22,2026-08-25T15:30:14Z
GHIAO-0152,adobe-research/deep-acoustic-analysis,adobe-research/deep-acoustic-analysis,https://github.com/adobe-research/deep-acoustic-analysis,https://github.com/adobe-research/deep-acoustic-analysis,,"Raumakustik, virtuelle Akustik, RIR-Simulation oder akustisches Raytracing.",room_and_virtual_acoustics,Room and virtual acoustics,Raum- und virtuelle Akustik,core,active,,252801327,available,,False,False,False,master,Python,NOASSERTION,[],26,9,1,2020-04-03T17:48:38Z,2022-01-18T23:16:31Z,2024-05-13T02:51:48Z,2026-08-22,2026-08-25T15:30:14Z
GHIAO-0153,reuk/wayverb,reuk/wayverb,https://github.com/reuk/wayverb,https://github.com/reuk/wayverb,This project is not under active development. Hybrid waveguide and raytracer for room acoustics on the GPU,"Raumakustik, virtuelle Akustik, RIR-Simulation oder akustisches Raytracing.",room_and_virtual_acoustics,Room and virtual acoustics,Raum- und virtuelle Akustik,core,active,,41315949,available,,False,False,False,master,C++,GPL-2.0,[],191,25,8,2015-08-24T16:59:40Z,2017-08-10T19:11:37Z,2026-08-07T09:08:29Z,2026-08-22,2026-08-25T15:30:14Z
GHIAO-0154,Burhanuddin98/wayverb-windows,Burhanuddin98/wayverb-windows,https://github.com/Burhanuddin98/wayverb-windows,https://github.com/Burhanuddin98/wayverb-windows,Hybrid waveguide + ray-tracing room acoustics simulator ; Windows port with rewritten physics engine,"Raumakustik, virtuelle Akustik, RIR-Simulation oder akustisches Raytracing.",room_and_virtual_acoustics,Room and virtual acoustics,Raum- und virtuelle Akustik,adjacent,active,,1196720556,available,,False,False,False,wayverb-only,HTML,,[],9,1,0,2026-03-31T01:20:27Z,2026-04-02T09:18:22Z,2026-07-15T03:16:10Z,2026-08-22,2026-08-25T15:30:14Z
GHIAO-0155,Add9Sus4/Ray-Tracing-Impulse-Response-Generator,Add9Sus4/Ray-Tracing-Impulse-Response-Generator,https://github.com/Add9Sus4/Ray-Tracing-Impulse-Response-Generator,https://github.com/Add9Sus4/Ray-Tracing-Impulse-Response-Generator,Synthesizes a room impulse response using a ray tracing simulation engine.,"Raumakustik, virtuelle Akustik, RIR-Simulation oder akustisches Raytracing.",room_and_virtual_acoustics,Room and virtual acoustics,Raum- und virtuelle Akustik,core,active,,42475807,available,,False,False,False,master,C,,[],14,3,0,2015-09-14T20:41:04Z,2017-03-22T23:40:02Z,2026-07-30T14:16:54Z,2026-08-22,2026-08-25T15:30:14Z
GHIAO-0156,Cindytb/Acoustic-Raytracing,Cindytb/Acoustic-Raytracing,https://github.com/Cindytb/Acoustic-Raytracing,https://github.com/Cindytb/Acoustic-Raytracing,OptiX 7 Powered Realtime Acoustic Raytracing,"Raumakustik, virtuelle Akustik, RIR-Simulation oder akustisches Raytracing.",room_and_virtual_acoustics,Room and virtual acoustics,Raum- und virtuelle Akustik,core,active,,254711274,available,,False,False,False,master,C++,Apache-2.0,"[""audio"",""cuda"",""dsp"",""gpgpu"",""optix"",""raytracing"",""reverberation"",""room-acoustics""]",34,3,1,2020-04-10T18:49:39Z,2020-06-02T20:15:04Z,2026-01-22T08:44:46Z,2026-08-22,2026-08-25T15:30:14Z
GHIAO-0157,gregzanch/cram,gregzanch/cram,https://github.com/gregzanch/cram,https://github.com/gregzanch/cram,cram is a computational room acoustics module to simulate and explore various acoustic properties of a modeled space,"Raumakustik, virtuelle Akustik, RIR-Simulation oder akustisches Raytracing.",room_and_virtual_acoustics,Room and virtual acoustics,Raum- und virtuelle Akustik,core,active,,236274807,available,https://cram.vercel.app/,False,False,False,master,TypeScript,MIT,"[""acoustics"",""computational-acoustics"",""cram"",""fdtd"",""image-source-model"",""ray-tracing"",""raytracer"",""room-acoustics"",""room-impulse-response"",""simulation"",""webapp""]",80,8,32,2020-01-26T06:14:09Z,2023-02-28T20:20:16Z,2026-08-13T06:05:52Z,2026-08-22,2026-08-25T15:30:14Z
GHIAO-0158,VeraE/image-source-method,VeraE/image-source-method,https://github.com/VeraE/image-source-method,https://github.com/VeraE/image-source-method,,"Raumakustik, virtuelle Akustik, RIR-Simulation oder akustisches Raytracing.",room_and_virtual_acoustics,Room and virtual acoustics,Raum- und virtuelle Akustik,core,active,,254169582,available,,False,False,False,master,MATLAB,MIT,[],4,0,0,2020-04-08T18:32:22Z,2020-04-09T08:32:15Z,2023-05-26T07:44:33Z,2026-08-22,2026-08-25T15:30:14Z
GHIAO-0159,IoSR-Surrey/RoomAcoustiCpp-Unity,IoSR-Surrey/RoomAcoustiCpp-Unity,https://github.com/IoSR-Surrey/RoomAcoustiCpp-Unity,https://github.com/IoSR-Surrey/RoomAcoustiCpp-Unity,,"Raumakustik, virtuelle Akustik, RIR-Simulation oder akustisches Raytracing.",room_and_virtual_acoustics,Room and virtual acoustics,Raum- und virtuelle Akustik,core,active,,899016956,available,,False,False,False,Unity6,C#,MIT,[],4,0,0,2024-12-05T13:19:50Z,2026-07-16T21:00:20Z,2026-08-01T16:01:17Z,2026-08-22,2026-08-25T15:30:14Z
GHIAO-0160,opasquetdotfr/Duerer,opasquetdotfr/Duerer,https://github.com/opasquetdotfr/Duerer,https://github.com/opasquetdotfr/Duerer,Audio synthesis and virtual acoustics for Rhino Grasshooper based on image source model room simulation.,"Raumakustik, virtuelle Akustik, RIR-Simulation oder akustisches Raytracing.",room_and_virtual_acoustics,Room and virtual acoustics,Raum- und virtuelle Akustik,core,active,,450272682,available,,False,False,False,main,,MIT,[],4,0,0,2022-01-20T22:06:50Z,2022-02-15T10:23:59Z,2025-07-12T16:54:35Z,2026-08-22,2026-08-25T15:30:14Z
GHIAO-0161,nathankeil/virtual-acoustics,nathankeil/virtual-acoustics,https://github.com/nathankeil/virtual-acoustics,https://github.com/nathankeil/virtual-acoustics,Codebase for Nathan Keil's Master's Thesis on polyphonic pitch perception in rooms using deep learning networks with data rendered in virtual acoustic environments,"Raumakustik, virtuelle Akustik, RIR-Simulation oder akustisches Raytracing.",room_and_virtual_acoustics,Room and virtual acoustics,Raum- und virtuelle Akustik,core,active,,220304559,available,,False,False,False,master,ChucK,,[],0,0,0,2019-11-07T18:37:15Z,2020-01-28T21:28:06Z,2020-02-05T02:40:26Z,2026-08-22,2026-08-25T15:30:14Z
GHIAO-0162,orchidas/VAIAWorkshop25Public,orchidas/VAIAWorkshop25Public,https://github.com/orchidas/VAIAWorkshop25Public,https://github.com/orchidas/VAIAWorkshop25Public,"Public repo for the Virtual Acoustics for Immersive Audio Workshop 2025, hosted at CCRMA","Raumakustik, virtuelle Akustik, RIR-Simulation oder akustisches Raytracing.",room_and_virtual_acoustics,Room and virtual acoustics,Raum- und virtuelle Akustik,core,active,,1021408080,available,,False,False,False,main,Jupyter Notebook,GPL-3.0,[],15,38,0,2025-07-17T10:56:17Z,2025-08-01T05:17:30Z,2026-05-13T14:20:17Z,2026-08-22,2026-08-25T15:30:14Z
GHIAO-0163,ACUSVIRT/Tribunal,ACUSVIRT/Tribunal,https://github.com/ACUSVIRT/Tribunal,https://github.com/ACUSVIRT/Tribunal,,"Raumakustik, virtuelle Akustik, RIR-Simulation oder akustisches Raytracing.",room_and_virtual_acoustics,Room and virtual acoustics,Raum- und virtuelle Akustik,core,active,,484737079,available,,False,False,False,main,,,[],0,0,0,2022-04-23T12:10:11Z,2022-04-23T12:40:49Z,2022-04-23T12:10:11Z,2026-08-22,2026-08-25T15:30:14Z
GHIAO-0164,AppliedAcousticsChalmers/auralization-toolbox,AppliedAcousticsChalmers/auralization-toolbox,https://github.com/AppliedAcousticsChalmers/auralization-toolbox,https://github.com/AppliedAcousticsChalmers/auralization-toolbox,The Chalmers Auralization Toolbox,MATLAB-Werkzeuge zur binauralen Auralisierung numerischer Schallfelder.,spatial_audio_and_auralization,Spatial audio and auralization,Räumliches Audio und Auralisierung,core,active,,683083423,available,,False,False,False,main,MATLAB,MIT,[],61,6,0,2023-08-25T14:58:17Z,2026-02-12T10:59:04Z,2026-05-22T19:53:15Z,2026-08-22,2026-08-25T15:30:14Z
GHIAO-0165,AppliedAcousticsChalmers/ReTiSAR,AppliedAcousticsChalmers/ReTiSAR,https://github.com/AppliedAcousticsChalmers/ReTiSAR,https://github.com/AppliedAcousticsChalmers/ReTiSAR,Real-Time Spherical Array Renderer for binaural reproduction in Python,"Auralisierung, HRTF, binaurales Rendering oder räumliche Akustik.",spatial_audio_and_auralization,Spatial audio and auralization,Räumliches Audio und Auralisierung,core,active,,178051100,available,,False,False,False,main,Python,NOASSERTION,"[""3d-audio"",""binauralaudio"",""python"",""real-time-rendering"",""signal-processing"",""spherical-harmonics"",""spherical-microphone-array""]",81,10,0,2019-03-27T18:17:58Z,2023-12-02T18:31:24Z,2026-06-07T13:38:39Z,2026-08-22,2026-08-25T15:30:14Z
GHIAO-0166,AppliedAcousticsChalmers/acoustic-room-responses,AppliedAcousticsChalmers/acoustic-room-responses,https://github.com/AppliedAcousticsChalmers/acoustic-room-responses,https://github.com/AppliedAcousticsChalmers/acoustic-room-responses,Acoustic Room Responses in a Variety of Formats,"Auralisierung, HRTF, binaurales Rendering oder räumliche Akustik.",spatial_audio_and_auralization,Spatial audio and auralization,Räumliches Audio und Auralisierung,core,active,,856298334,available,,False,False,False,main,MATLAB,MIT,[],5,0,0,2024-09-12T10:42:10Z,2025-05-04T12:40:14Z,2026-01-16T18:35:59Z,2026-08-22,2026-08-25T15:30:14Z
GHIAO-0167,crlandsc/Auralization,crlandsc/Auralization,https://github.com/crlandsc/Auralization,https://github.com/crlandsc/Auralization,A Max patch for auralization with a GUI,"Auralisierung, HRTF, binaurales Rendering oder räumliche Akustik.",spatial_audio_and_auralization,Spatial audio and auralization,Räumliches Audio und Auralisierung,core,active,,575939689,available,,False,False,False,main,Max,GPL-3.0,"[""auralization"",""convolution"",""spatial-audio""]",3,0,0,2022-12-08T16:33:59Z,2022-12-09T00:20:18Z,2026-06-03T13:58:12Z,2026-08-22,2026-08-25T15:30:14Z
GHIAO-0168,davircarvalho/Auralization_Engine,davircarvalho/Auralization_Engine,https://github.com/davircarvalho/Auralization_Engine,https://github.com/davircarvalho/Auralization_Engine,MATLAB app designed to create virtual acoustic environments.,"Auralisierung, HRTF, binaurales Rendering oder räumliche Akustik.",spatial_audio_and_auralization,Spatial audio and auralization,Räumliches Audio und Auralisierung,core,active,,350807876,available,,False,False,False,master,MATLAB,,"[""auralization"",""head-tracker"",""hrtfs"",""matlab"",""python"",""real-time"",""sofa""]",21,5,0,2021-03-23T17:56:54Z,2023-07-16T22:46:31Z,2026-03-24T17:48:44Z,2026-08-22,2026-08-25T15:30:14Z
GHIAO-0169,notthetup/auralizr,notthetup/auralizr,https://github.com/notthetup/auralizr,https://github.com/notthetup/auralizr,Acoustic Auralization using the Web Audio,"Auralisierung, HRTF, binaurales Rendering oder räumliche Akustik.",spatial_audio_and_auralization,Spatial audio and auralization,Räumliches Audio und Auralisierung,core,active,,15996561,available,http://chinpen.net/auralizr,False,False,False,gh-pages,,MIT,"[""3d"",""3d-audio"",""auralization"",""hrtf"",""javascript"",""web-audio""]",66,12,3,2014-01-17T10:16:52Z,2021-10-17T10:47:43Z,2025-03-22T19:26:00Z,2026-08-22,2026-08-25T15:30:14Z
GHIAO-0170,GrupoDiana/BRTLibrary,GrupoDiana/BRTLibrary,https://github.com/GrupoDiana/BRTLibrary,https://github.com/GrupoDiana/BRTLibrary,"The Binaural Rendering Toolbox (BRT) is a set of software libraries, applications, and definitions aimed as a virtual laboratory for psychoacoustic experimentation. The BRT is developed in the framework of the SONICOM project and includes the algorithms developed in the 3D Tune-In Toolkit in a new open, extensible architecture.","Auralisierung, HRTF, binaurales Rendering oder räumliche Akustik.",spatial_audio_and_auralization,Spatial audio and auralization,Räumliches Audio und Auralisierung,core,active,,657125136,available,https://grupodiana.github.io/BRT-Documentation/library/,False,False,False,main,C++,GPL-3.0,"[""3d-audio"",""auralization"",""binaural"",""rendering"",""spatial-audio""]",65,5,4,2023-06-22T11:23:29Z,2026-08-25T09:39:12Z,2026-08-25T09:42:42Z,2026-08-22,2026-08-25T15:30:14Z
GHIAO-0171,adct-the-experimenter/binaural-audio-editor,adct-the-experimenter/binaural-audio-editor,https://github.com/adct-the-experimenter/binaural-audio-editor,https://github.com/adct-the-experimenter/binaural-audio-editor,This is an audio application that produces 3D binaural audio from 2D mono audio samples and positional information given by the graphical user interface. Listen to 3D audio through stereo headphones. Video Demo:https://www.youtube.com/watch?v=peF9cZSwVGw,"Auralisierung, HRTF, binaurales Rendering oder räumliche Akustik.",spatial_audio_and_auralization,Spatial audio and auralization,Räumliches Audio und Auralisierung,core,active,,174219638,available,,True,False,False,master,C++,BSD-3-Clause,"[""3d-audio"",""binaural"",""binauralaudio"",""cpp"",""cxx"",""hrtf"",""openal-soft"",""play-sounds"",""soundscape"",""spatial"",""spatial-audio"",""surround-sound"",""wxwidgets""]",63,6,9,2019-03-06T20:55:38Z,2021-05-03T20:18:30Z,2026-06-21T07:36:03Z,2026-08-22,2026-08-25T15:30:14Z
GHIAO-0172,sofacoustics/SOFAlizer-for-Unity,sofacoustics/SOFAlizer-for-Unity,https://github.com/sofacoustics/SOFAlizer-for-Unity,https://github.com/sofacoustics/SOFAlizer-for-Unity,SOFA Spatializer as a Native Plugin for Unity,"Auralisierung, HRTF, binaurales Rendering oder räumliche Akustik.",spatial_audio_and_auralization,Spatial audio and auralization,Räumliches Audio und Auralisierung,core,active,,86575495,available,,False,False,False,master,C++,EUPL-1.1,"[""3d-audio"",""hrtf"",""sofa"",""sofa-spatializer"",""spatial-audio"",""unity""]",43,6,1,2017-03-29T11:43:57Z,2022-12-03T13:52:38Z,2026-07-22T01:54:00Z,2026-08-22,2026-08-25T15:30:14Z
GHIAO-0173,AudioGroupCologne/SMATBIN,AudioGroupCologne/SMATBIN,https://github.com/AudioGroupCologne/SMATBIN,https://github.com/AudioGroupCologne/SMATBIN,SMATBIN - Spherical Microphone Array To Binaural,"Auralisierung, HRTF, binaurales Rendering oder räumliche Akustik.",spatial_audio_and_auralization,Spatial audio and auralization,Räumliches Audio und Auralisierung,core,active,,364955293,available,,False,False,False,main,MATLAB,GPL-3.0,"[""binaural-rendering"",""smatbin-filters"",""spatial-audio-reproduction"",""spherical-microphone-arrays"",""virtual-acoustics""]",8,0,0,2021-05-06T15:24:41Z,2021-11-06T17:33:49Z,2026-04-16T03:18:32Z,2026-08-22,2026-08-25T15:30:14Z
GHIAO-0174,torbenwendt/razr,torbenwendt/razr,https://github.com/torbenwendt/razr,https://github.com/torbenwendt/razr,RAZR – Room acoustics simulator for Mathwork’s MATLAB,MATLAB-Simulator zur Berechnung raumakustischer Impulsantworten und Nachhalleigenschaften.,room_and_virtual_acoustics,Room and virtual acoustics,Raum- und virtuelle Akustik,core,active,,74385450,available,,False,False,False,master,Matlab,NOASSERTION,[],22,3,0,2016-11-21T16:56:55Z,2017-12-13T14:04:57Z,2026-06-16T10:05:50Z,2026-08-22,2026-08-25T15:30:14Z
GHIAO-0175,Andronicus1000/MCRoomSim,Andronicus1000/MCRoomSim,https://github.com/Andronicus1000/MCRoomSim,https://github.com/Andronicus1000/MCRoomSim,Room acoustics simulator for multichannel microphone arrays,Raumakustischer Simulator für mehrkanalige Mikrofonarrays und Impulsantworten.,room_and_virtual_acoustics,Room and virtual acoustics,Raum- und virtuelle Akustik,core,active,,159117791,available,,False,False,False,master,Matlab,NOASSERTION,"[""hrtf"",""multichannel-microphone-arrays"",""reverberation"",""room-acoustics-simulation""]",59,15,6,2018-11-26T05:52:19Z,2024-02-01T15:05:21Z,2026-05-14T08:53:09Z,2026-08-22,2026-08-25T15:30:14Z
GHIAO-0176,cesardsalvador/SpatialAcousticsLibraryMATLAB,cesardsalvador/SpatialAcousticsLibraryMATLAB,https://github.com/cesardsalvador/SpatialAcousticsLibraryMATLAB,https://github.com/cesardsalvador/SpatialAcousticsLibraryMATLAB,A collection of MATLAB functions and scripts for spatial acoustic signal processing.,"Auralisierung, HRTF, binaurales Rendering oder räumliche Akustik.",spatial_audio_and_auralization,Spatial audio and auralization,Räumliches Audio und Auralisierung,core,active,,755792726,available,https://www.perception3d.com/,False,False,False,main,MATLAB,GPL-3.0,"[""3d-audio"",""acoustics"",""ambisonics"",""sphere""]",10,1,0,2024-02-11T04:18:25Z,2025-09-14T02:35:46Z,2026-01-08T20:47:46Z,2026-08-22,2026-08-25T15:30:14Z
GHIAO-0177,ajintom/hrtf,ajintom/hrtf,https://github.com/ajintom/hrtf,https://github.com/ajintom/hrtf,An Auralization Framework for Virtual Acoustics,"Auralisierung, HRTF, binaurales Rendering oder räumliche Akustik.",spatial_audio_and_auralization,Spatial audio and auralization,Räumliches Audio und Auralisierung,core,active,,156793581,available,https://www.ajintom.com/618/,False,False,False,master,Matlab,,[],3,0,0,2018-11-09T01:41:24Z,2018-12-10T01:14:05Z,2020-05-15T17:46:14Z,2026-08-22,2026-08-25T15:30:14Z
GHIAO-0178,3DTune-In/3dti_AudioToolkit,3DTune-In/3dti_AudioToolkit,https://github.com/3DTune-In/3dti_AudioToolkit,https://github.com/3DTune-In/3dti_AudioToolkit,"3D Tune-In Toolkit is a custom open-source C++ library developed within the EU-funded project 3D Tune-In. The Toolkit provides a high level of realism and immersiveness within binaural 3D audio simulations, while allowing for the emulation of hearing aid devices and of different typologies of hearing loss. ","Auralisierung, HRTF, binaurales Rendering oder räumliche Akustik.",spatial_audio_and_auralization,Spatial audio and auralization,Räumliches Audio und Auralisierung,core,active,,119970009,available,,False,False,False,master,C++,LGPL-3.0,[],275,51,10,2018-02-02T10:48:44Z,2026-05-11T12:56:46Z,2026-08-19T10:50:27Z,2026-08-22,2026-08-25T15:30:14Z
GHIAO-0179,ShanonPearce/ASH-Toolset,ShanonPearce/ASH-Toolset,https://github.com/ShanonPearce/ASH-Toolset,https://github.com/ShanonPearce/ASH-Toolset,A set of tools for headphone correction and binaural synthesis of spatial audio systems on headphones,"Auralisierung, HRTF, binaurales Rendering oder räumliche Akustik.",spatial_audio_and_auralization,Spatial audio and auralization,Räumliches Audio und Auralisierung,core,active,,792586941,available,https://shanonpearce.github.io/ASH-Toolset/,False,False,False,main,Python,AGPL-3.0,"[""audio"",""binaural"",""equalization"",""equalizer-apo"",""headphone-correction"",""headphones"",""hesuvi"",""room"",""simulation"",""sofa"",""sofa-framework"",""spatial"",""synthesis""]",50,6,13,2024-04-27T02:06:21Z,2026-08-16T01:13:35Z,2026-08-23T09:26:28Z,2026-08-22,2026-08-25T15:30:14Z
GHIAO-0180,PALILA-TUDelft/Auralization-toolbox,PALILA-TUDelft/Auralization-toolbox,https://github.com/PALILA-TUDelft/Auralization-toolbox,https://github.com/PALILA-TUDelft/Auralization-toolbox,Repository containing a toolbox for sound source auralization (the acoustical equivalent of visualization) with the main purpose of aerospace noise sources (e.g. aircraft). ,"Auralisierung, HRTF, binaurales Rendering oder räumliche Akustik.",spatial_audio_and_auralization,Spatial audio and auralization,Räumliches Audio und Auralisierung,core,active,,1110684999,available,,False,False,False,main,Python,,[],0,1,0,2025-12-05T15:08:10Z,2026-03-29T16:18:42Z,2026-03-29T16:18:45Z,2026-08-22,2026-08-25T15:30:14Z
GHIAO-0181,IoSR-Surrey/3dti_AudioToolkit,IoSR-Surrey/3dti_AudioToolkit,https://github.com/IoSR-Surrey/3dti_AudioToolkit,https://github.com/IoSR-Surrey/3dti_AudioToolkit,"3D Tune-In Toolkit is a custom open-source C++ library developed within the EU-funded project 3D Tune-In. The Toolkit provides a high level of realism and immersiveness within binaural 3D audio simulations, while allowing for the emulation of hearing aid devices and of different typologies of hearing loss. ","Auralisierung, HRTF, binaurales Rendering oder räumliche Akustik.",spatial_audio_and_auralization,Spatial audio and auralization,Räumliches Audio und Auralisierung,adjacent,active,,785831903,available,,False,False,True,master,C++,LGPL-3.0,[],0,2,0,2024-04-12T18:05:37Z,2026-07-04T11:10:57Z,2026-07-04T11:11:16Z,2026-08-22,2026-08-25T15:30:14Z
GHIAO-0182,Universite-Gustave-Eiffel/acoustic-toolbox,Universite-Gustave-Eiffel/acoustic-toolbox,https://github.com/Universite-Gustave-Eiffel/acoustic-toolbox,https://github.com/Universite-Gustave-Eiffel/acoustic-toolbox,A Python library for acousticians.,Python-Werkzeugkasten für Akustikberechnungen und Standards.,general_acoustics_and_measurement,General acoustics and measurement,Allgemeine Akustik und Messung,core,active,,754012018,available,https://acoustic-toolbox.readthedocs.io/,False,False,True,main,Python,BSD-3-Clause,"[""acoustic"",""audio"",""audio-analysis"",""python"",""sound""]",28,8,10,2024-02-07T08:20:27Z,2026-02-12T07:32:02Z,2026-08-23T03:10:11Z,2026-08-22,2026-08-25T15:30:14Z
GHIAO-0183,pyfar/pyfar,pyfar/pyfar,https://github.com/pyfar/pyfar,https://github.com/pyfar/pyfar,python package for acoustics research,Python-Framework zur akustischen Signalverarbeitung und Forschung.,general_acoustics_and_measurement,General acoustics and measurement,Allgemeine Akustik und Messung,core,active,,307803156,available,https://pyfar.org,False,False,False,main,Python,MIT,"[""audio-in-out"",""digital-signal-processing"",""plotting""]",135,18,82,2020-10-27T19:13:03Z,2026-08-25T14:41:56Z,2026-08-18T11:33:01Z,2026-08-22,2026-08-25T15:30:14Z
GHIAO-0184,PyTTaMaster/PyTTa,PyTTaMaster/PyTTa,https://github.com/PyTTaMaster/PyTTa,https://github.com/PyTTaMaster/PyTTa,Python in Technical Acoustics and Vibration,"Akustikmessung, akustische Signalverarbeitung oder allgemeines Analysewerkzeug.",general_acoustics_and_measurement,General acoustics and measurement,Allgemeine Akustik und Messung,core,active,,153841852,available,,False,False,False,development,Python,MIT,[],111,35,10,2018-10-19T21:06:16Z,2024-08-14T14:13:45Z,2026-08-25T01:21:34Z,2026-08-22,2026-08-25T15:30:14Z
GHIAO-0185,tlecomte/friture,tlecomte/friture,https://github.com/tlecomte/friture,https://github.com/tlecomte/friture,"Real-time audio visualizations (spectrum, spectrogram, etc.)","Akustikmessung, akustische Signalverarbeitung oder allgemeines Analysewerkzeug.",general_acoustics_and_measurement,General acoustics and measurement,Allgemeine Akustik und Messung,core,active,,102587,available,http://friture.org,False,False,False,master,Python,GPL-3.0,"[""audio"",""audio-analysis"",""python"",""spectrogram"",""spectrum"",""spectrum-analyzer""]",1112,190,93,2009-01-07T11:27:41Z,2026-08-25T04:11:41Z,2026-08-22T17:17:01Z,2026-08-22,2026-08-25T15:30:14Z
GHIAO-0186,qpanpony/ita-toolbox,qpanpony/ita-toolbox,https://github.com/qpanpony/ita-toolbox,https://github.com/qpanpony/ita-toolbox,,"Akustikmessung, akustische Signalverarbeitung oder allgemeines Analysewerkzeug.",general_acoustics_and_measurement,General acoustics and measurement,Allgemeine Akustik und Messung,core,active,,290645460,available,,False,False,False,master,MATLAB,NOASSERTION,[],16,8,0,2020-08-27T01:38:25Z,2020-08-27T01:39:24Z,2026-07-23T13:50:35Z,2026-08-22,2026-08-25T15:30:14Z
GHIAO-0187,jmrplens/phonometry,jmrplens/phonometry,https://github.com/jmrplens/phonometry,https://github.com/jmrplens/phonometry,"Standards-conformant acoustics library for Python: measurement and metrology, building, environmental and room acoustics, psychoacoustics, electroacoustics, vibration, underwater and aircraft/rotorcraft noise. Every method is implemented from the standard and validated against reference data, with teaching-style docs (formerly PyOctaveBand).","Akustikmessung, akustische Signalverarbeitung oder allgemeines Analysewerkzeug.",general_acoustics_and_measurement,General acoustics and measurement,Allgemeine Akustik und Messung,core,active,,275682981,available,https://jmrp.io/docs/phonometry,False,False,False,main,Python,MIT,"[""acoustics"",""aircraft-noise"",""building-acoustics"",""dsp"",""environmental-noise"",""filter-bank"",""frequency-analysis"",""iec-61260"",""iec-61672"",""metrology"",""noise-measurement"",""octave"",""psychoacoustics"",""python3"",""room-acoustics"",""signal-processing"",""sound-level-meter"",""standards"",""underwater-acoustics"",""vibration""]",106,22,3,2020-06-28T23:01:25Z,2026-08-25T15:10:04Z,2026-08-25T13:57:45Z,2026-08-22,2026-08-25T15:30:14Z
GHIAO-0188,acoular/acoular,acoular/acoular,https://github.com/acoular/acoular,https://github.com/acoular/acoular,Acoustic testing and source mapping software,"Akustikmessung, akustische Signalverarbeitung oder allgemeines Analysewerkzeug.",general_acoustics_and_measurement,General acoustics and measurement,Allgemeine Akustik und Messung,core,active,,29729101,available,https://acoular.org/acoular,False,False,False,master,Python,BSD-3-Clause,"[""acoustic-imaging"",""acoustic-testing"",""acoustics"",""beamforming"",""microphone-array"",""microphone-array-processing"",""signal-processing""]",650,163,52,2015-01-23T11:02:57Z,2026-08-25T15:23:08Z,2026-08-19T12:05:26Z,2026-08-22,2026-08-25T15:30:14Z
GHIAO-0189,Universite-Gustave-Eiffel/CleanTiPy,Universite-Gustave-Eiffel/CleanTiPy,https://github.com/Universite-Gustave-Eiffel/CleanTiPy,https://github.com/Universite-Gustave-Eiffel/CleanTiPy,An open-source implementation of CLEAN-T acoustic imaging technique,"Akustikmessung, akustische Signalverarbeitung oder allgemeines Analysewerkzeug.",general_acoustics_and_measurement,General acoustics and measurement,Allgemeine Akustik und Messung,core,active,,913358085,available,,False,False,False,main,Python,EUPL-1.2,[],5,0,0,2025-01-07T14:31:01Z,2025-09-09T15:15:46Z,2026-06-25T15:53:46Z,2026-08-22,2026-08-25T15:30:14Z
GHIAO-0190,fgnt/paderwasn,fgnt/paderwasn,https://github.com/fgnt/paderwasn,https://github.com/fgnt/paderwasn,Paderwasn is a collection of methods for acoustic signal processing in wireless acoustic sensor networks (WASNs).,"Akustikmessung, akustische Signalverarbeitung oder allgemeines Analysewerkzeug.",general_acoustics_and_measurement,General acoustics and measurement,Allgemeine Akustik und Messung,core,active,,321294631,available,,False,False,False,main,Python,MIT,[],20,8,0,2020-12-14T09:19:01Z,2025-05-08T10:15:18Z,2026-08-10T10:33:45Z,2026-08-22,2026-08-25T15:30:14Z
GHIAO-0191,jmrplens/A-Lab,jmrplens/A-Lab,https://github.com/jmrplens/A-Lab,https://github.com/jmrplens/A-Lab,Matlab-based software for measuring acoustic parameters and experiments.,"Akustikmessung, akustische Signalverarbeitung oder allgemeines Analysewerkzeug.",general_acoustics_and_measurement,General acoustics and measurement,Allgemeine Akustik und Messung,core,active,,305625507,available,,True,False,False,source,MATLAB,GPL-3.0,"[""acoustics"",""anechoic"",""impedance-tube"",""impulse-response"",""matlab"",""measurements"",""transmission-tube""]",26,8,4,2020-10-20T07:29:52Z,2026-06-28T14:08:42Z,2026-06-28T14:08:47Z,2026-08-22,2026-08-25T15:30:14Z
GHIAO-0192,HidekiKawahara/FVN,HidekiKawahara/FVN,https://github.com/HidekiKawahara/FVN,https://github.com/HidekiKawahara/FVN,"FVN is now obsolete. Please use CAPRICEP instead. I will stop updating this tool. Frequency domain variants of Velvet Noise, a flexible building unit for speech synthesis, psychoacoustic research and acoustic measurement.","Akustikmessung, akustische Signalverarbeitung oder allgemeines Analysewerkzeug.",general_acoustics_and_measurement,General acoustics and measurement,Allgemeine Akustik und Messung,core,active,,157176013,available,,False,False,False,master,MATLAB,Apache-2.0,[],38,3,0,2018-11-12T07:53:10Z,2020-08-12T10:44:59Z,2025-12-31T15:25:20Z,2026-08-22,2026-08-25T15:30:14Z
GHIAO-0193,rabeaifeanyi/acoustic-camera,rabeaifeanyi/acoustic-camera,https://github.com/rabeaifeanyi/acoustic-camera,https://github.com/rabeaifeanyi/acoustic-camera,"This project uses Acoular to implement an acoustic camera for the miniDSP UMA-16 microphone array, with optional integration of a transformer model.","Akustikmessung, akustische Signalverarbeitung oder allgemeines Analysewerkzeug.",general_acoustics_and_measurement,General acoustics and measurement,Allgemeine Akustik und Messung,core,active,,892072361,available,,False,False,False,main,Python,,"[""acoular"",""beamforming"",""microphone-array"",""minidsp"",""sound-processing"",""transformer-models""]",54,9,2,2024-11-21T13:12:37Z,2025-11-26T12:05:07Z,2026-08-17T13:48:09Z,2026-08-22,2026-08-25T15:30:14Z
GHIAO-0194,Iari-Lab/fpga_acoustic,Iari-Lab/fpga_acoustic,https://github.com/Iari-Lab/fpga_acoustic,https://github.com/Iari-Lab/fpga_acoustic,,"Akustikmessung, akustische Signalverarbeitung oder allgemeines Analysewerkzeug.",general_acoustics_and_measurement,General acoustics and measurement,Allgemeine Akustik und Messung,core,active,,845072601,available,,False,False,False,main,C++,,[],19,4,0,2024-08-20T14:25:07Z,2026-02-08T20:18:31Z,2026-06-29T07:07:36Z,2026-08-22,2026-08-25T15:30:14Z
GHIAO-0195,microphonon/acoustic-leak-detector,microphonon/acoustic-leak-detector,https://github.com/microphonon/acoustic-leak-detector,https://github.com/microphonon/acoustic-leak-detector,"AquaPing is a battery powered, stand-off, acoustic leak detector","Akustikmessung, akustische Signalverarbeitung oder allgemeines Analysewerkzeug.",general_acoustics_and_measurement,General acoustics and measurement,Allgemeine Akustik und Messung,core,active,,477540018,available,,False,False,False,main,C,CC0-1.0,"[""acoustics"",""embedded-c"",""iot-device"",""leak-detection"",""leaks"",""low-power"",""msp430"",""sensor""]",48,7,1,2022-04-04T03:44:39Z,2026-01-15T19:42:27Z,2026-06-28T17:15:10Z,2026-08-22,2026-08-25T15:30:14Z
GHIAO-0196,jinnsjj/ARD-simulator,jinnsjj/ARD-simulator,https://github.com/jinnsjj/ARD-simulator,https://github.com/jinnsjj/ARD-simulator,3D sound propagation simulator using adaptive rectangular decomposition method.,Dreidimensionaler Schallausbreitungssimulator auf Basis adaptiver rechteckiger Gebietszerlegung.,physical_and_computational_acoustics,Physical and computational acoustics,Physikalische und numerische Akustik,core,active,,166994962,available,,False,False,False,master,C,,"[""acoustics"",""propagation"",""simulation"",""sound"",""wave""]",35,8,5,2019-01-22T13:01:10Z,2021-05-15T14:46:28Z,2025-12-04T19:28:14Z,2026-08-22,2026-08-25T15:30:14Z
GHIAO-0197,raul-fernandez-ortega/natambio,raul-fernandez-ortega/natambio,https://github.com/raul-fernandez-ortega/natambio,https://github.com/raul-fernandez-ortega/natambio,"Real-time stereo ambience extraction, crosstalk cancellation (XTC) and room correction (DRC) for immersive loudspeaker reproduction using low-cost hardware","Echtzeitsystem für Ambiente-Extraktion, Übersprechkompensation und Raumkorrektur bei immersiver Lautsprecherwiedergabe.",spatial_audio_and_auralization,Spatial audio and auralization,Räumliches Audio und Auralisierung,core,active,,1279429588,available,,False,False,False,main,C,GPL-3.0,"[""acoustics"",""ambiophonics"",""audio"",""audio-plugin"",""audio-processing"",""binaural"",""convolver"",""crosstalk-cancellation"",""digital-signal-processing"",""drc"",""dsp"",""equalization"",""fir"",""jack-audio-connection-kit"",""jackaudio"",""loudspeakers"",""room-correction"",""spatial-audio"",""stereo""]",4,1,1,2026-06-24T17:20:18Z,2026-08-18T18:49:20Z,2026-08-13T08:43:02Z,2026-08-22,2026-08-25T15:30:14Z
GHIAO-0198,xorgol/AcouPar,xorgol/AcouPar,https://github.com/xorgol/AcouPar,https://github.com/xorgol/AcouPar,"AcouPar stands for ""Acoustical Parameters"" and it is the Command Line version of the xfm plugin ""ISO3382 Acoustical Parameters"" of the Aurora plugins suite.",Kommandozeilenwerkzeug zur Berechnung raumakustischer Parameter nach ISO 3382.,room_and_virtual_acoustics,Room and virtual acoustics,Raum- und virtuelle Akustik,core,active,,989724046,available,,False,False,False,main,C,,"[""acoustics"",""iso3382"",""parameters""]",0,1,0,2025-05-24T17:35:37Z,2025-12-05T21:50:32Z,2026-05-21T08:54:24Z,2026-08-22,2026-08-25T15:30:14Z
GHIAO-0199,sound-eng/arraytool,sound-eng/arraytool,https://github.com/sound-eng/arraytool,https://github.com/sound-eng/arraytool,Simple acoustic line array simulator for theoretical study.,"Akustikmessung, akustische Signalverarbeitung oder allgemeines Analysewerkzeug.",general_acoustics_and_measurement,General acoustics and measurement,Allgemeine Akustik und Messung,core,active,,746347546,available,https://sound-eng.github.io/arraytool/,False,False,False,main,JavaScript,Apache-2.0,"[""acoustics"",""sound""]",2,0,0,2024-01-21T19:37:23Z,2026-06-29T06:43:56Z,2026-06-29T06:44:00Z,2026-08-22,2026-08-25T15:30:14Z
GHIAO-0200,jci24/SoundLens,jci24/SoundLens,https://github.com/jci24/SoundLens,https://github.com/jci24/SoundLens,AI-assisted acoustic investigation and product-sound benchmarking with deterministic DSP evidence.,"Akustikmessung, akustische Signalverarbeitung oder allgemeines Analysewerkzeug.",general_acoustics_and_measurement,General acoustics and measurement,Allgemeine Akustik und Messung,core,active,,1278947594,available,,False,False,False,main,C#,MIT,"[""acoustics"",""audio-analysis"",""digital-signal-processing"",""dotnet"",""openai"",""product-sound"",""react""]",0,0,0,2026-06-24T08:29:41Z,2026-08-02T11:00:39Z,2026-08-02T10:52:03Z,2026-08-22,2026-08-25T15:30:14Z
GHIAO-0201,DIMOSUS/Resonalyze,DIMOSUS/Resonalyze,https://github.com/DIMOSUS/Resonalyze,https://github.com/DIMOSUS/Resonalyze,"Car audio measurement and tuning for Windows: automatic time alignment, virtual DSP crossover, honest acoustic analysis","Akustikmessung, akustische Signalverarbeitung oder allgemeines Analysewerkzeug.",general_acoustics_and_measurement,General acoustics and measurement,Allgemeine Akustik und Messung,core,active,,1269177040,available,,False,False,False,main,C#,MIT,"[""acoustics"",""audio"",""audio-analysis"",""audio-engineering"",""audio-measurement"",""autosound"",""car-audio"",""crossover"",""dsp"",""fft"",""frequency-response"",""impulse-response"",""room-acoustics"",""signal-processing"",""sound-quality"",""speaker-measurement"",""time-alignment""]",12,1,5,2026-06-14T11:53:17Z,2026-08-25T14:40:55Z,2026-08-25T14:43:02Z,2026-08-22,2026-08-25T15:30:14Z
GHIAO-0202,drscotthawley/SoundFieldsForever,drscotthawley/SoundFieldsForever,https://github.com/drscotthawley/SoundFieldsForever,https://github.com/drscotthawley/SoundFieldsForever,App Suite for Visualizing Sound in 3D,"Akustikmessung, akustische Signalverarbeitung oder allgemeines Analysewerkzeug.",general_acoustics_and_measurement,General acoustics and measurement,Allgemeine Akustik und Messung,core,active,,94346028,available,,False,False,False,master,C#,Apache-2.0,"[""acoustics"",""audio"",""augmented-reality"",""data-visualization"",""virtual-reality""]",9,4,0,2017-06-14T15:28:30Z,2019-04-25T16:06:52Z,2025-08-27T12:13:07Z,2026-08-22,2026-08-25T15:30:14Z
GHIAO-0203,pjazdzyk/sound-dampening-analyzer,pjazdzyk/sound-dampening-analyzer,https://github.com/pjazdzyk/sound-dampening-analyzer,https://github.com/pjazdzyk/sound-dampening-analyzer,"Noise generation, propagation and dampening C# library for ventilation ducts based on VDI-2081 standard.","Bibliothek zur Berechnung von Geräuscherzeugung, -ausbreitung und -dämpfung in Lüftungskanälen nach VDI 2081.",environmental_building_and_transport_acoustics,"Environmental, building, and transport acoustics","Umwelt-, Gebäude- und Verkehrsakustik",core,active,,551612407,available,,False,False,False,master,C#,GPL-3.0,"[""acoustics"",""csharp"",""csharp-core"",""engineering"",""hvac"",""net-numerics"",""noise"",""noise-reduction"",""sound"",""vdi-2081"",""ventilation"",""xunit-tests""]",8,2,0,2022-10-14T18:37:27Z,2022-11-19T18:18:21Z,2026-07-05T16:25:19Z,2026-08-22,2026-08-25T15:30:14Z
GHIAO-0204,GPUVerb/GPUVerb,GPUVerb/GPUVerb,https://github.com/GPUVerb/GPUVerb,https://github.com/GPUVerb/GPUVerb,"Unity plugin for real-time, dynamic scenes, accelerated via GPU",GPU-beschleunigtes Unity-Plugin für dynamische Echtzeit-Raumakustik auf Basis der FDTD-Methode.,room_and_virtual_acoustics,Room and virtual acoustics,Raum- und virtuelle Akustik,core,active,,563422066,available,,False,False,False,main,C#,MIT,"[""acoustics"",""digital-signal-processing"",""finite-difference-time-domain"",""unity""]",7,0,0,2022-11-08T15:23:31Z,2022-12-12T04:26:50Z,2026-05-04T02:30:41Z,2026-08-22,2026-08-25T15:30:14Z
GHIAO-0205,duyxsays/GNrator,duyxsays/GNrator,https://github.com/duyxsays/GNrator,https://github.com/duyxsays/GNrator,Multichannel spatial audio data generator in cooperation with AAU & Jabra,Unity-basierter Generator für mehrkanalige räumliche Audiodaten und synthetische Trainingsszenen.,spatial_audio_and_auralization,Spatial audio and auralization,Räumliches Audio und Auralisierung,core,active,,705680099,available,,False,False,False,dev,C#,,"[""acoustics"",""multi-channel-audio"",""steam-audio"",""synthetic-dataset-generation"",""unity3d""]",1,0,0,2023-10-16T13:41:03Z,2024-06-14T18:47:45Z,2026-06-15T22:35:25Z,2026-08-22,2026-08-25T15:30:14Z
GHIAO-0206,gorbatschow/Sonar.m,gorbatschow/Sonar.m,https://github.com/gorbatschow/Sonar.m,https://github.com/gorbatschow/Sonar.m,Octave/Matlab toolbox for sonar related problems.,Octave- und MATLAB-Werkzeugkasten für Sonar und unterwasserakustische Berechnungen.,aero_underwater_and_ultrasound_acoustics,"Aeroacoustics, underwater acoustics, and ultrasound","Aero-, Unterwasser- und Ultraschallakustik",core,active,,575042606,available,https://gorbatschow.github.io/SonarDocs/,False,False,False,master,MATLAB,MIT,"[""acoustics"",""matlab"",""octave"",""sonar"",""underwater-acoustics""]",4,1,0,2022-12-06T16:17:28Z,2023-02-22T01:05:17Z,2024-11-17T05:42:12Z,2026-08-22,2026-08-25T15:30:14Z
GHIAO-0207,D1mme/microphone_spotformer,D1mme/microphone_spotformer,https://github.com/D1mme/microphone_spotformer,https://github.com/D1mme/microphone_spotformer,This repository provides the MATLAB code for a certain type of microphone spotformer. A microphone spotformer is similar to a beamformer but considers regions-of-interest instead of directions.,"Akustikmessung, akustische Signalverarbeitung oder allgemeines Analysewerkzeug.",general_acoustics_and_measurement,General acoustics and measurement,Allgemeine Akustik und Messung,core,active,,858154298,available,,False,False,False,main,MATLAB,MIT,"[""acoustics"",""beamforming"",""spotforming""]",4,1,0,2024-09-16T12:06:01Z,2026-01-26T15:10:27Z,2026-01-26T15:11:30Z,2026-08-22,2026-08-25T15:30:14Z
GHIAO-0208,sergiozc/multichannel-signal-enhancement,sergiozc/multichannel-signal-enhancement,https://github.com/sergiozc/multichannel-signal-enhancement,https://github.com/sergiozc/multichannel-signal-enhancement,MVDR beamformer with sub-array configuration,"Akustikmessung, akustische Signalverarbeitung oder allgemeines Analysewerkzeug.",general_acoustics_and_measurement,General acoustics and measurement,Allgemeine Akustik und Messung,core,active,,635265135,available,,False,False,False,main,MATLAB,MIT,"[""acoustics"",""arrays"",""beamforming"",""multichannel"",""multichannel-microphone-arrays"",""mvdr"",""signal-processing""]",5,2,0,2023-05-02T10:24:35Z,2023-06-24T18:05:46Z,2026-05-14T08:53:03Z,2026-08-22,2026-08-25T15:30:14Z
GHIAO-0209,crlandsc/Acoustics_Suite,crlandsc/Acoustics_Suite,https://github.com/crlandsc/Acoustics_Suite,https://github.com/crlandsc/Acoustics_Suite,A suite of functions to perform acoustic calculations,"Akustikmessung, akustische Signalverarbeitung oder allgemeines Analysewerkzeug.",general_acoustics_and_measurement,General acoustics and measurement,Allgemeine Akustik und Messung,core,active,,438856040,available,,False,False,False,main,MATLAB,,"[""acoustics"",""dsp""]",2,0,0,2021-12-16T04:09:39Z,2021-12-16T04:21:23Z,2025-07-20T05:36:18Z,2026-08-22,2026-08-25T15:30:14Z
GHIAO-0210,self-noise/MikIRAM_GitHub,self-noise/MikIRAM_GitHub,https://github.com/self-noise/MikIRAM_GitHub,https://github.com/self-noise/MikIRAM_GitHub,Mike's Impulse Response App for Matlab [MikIRAM] - Public version (GitHub),"Akustikmessung, akustische Signalverarbeitung oder allgemeines Analysewerkzeug.",general_acoustics_and_measurement,General acoustics and measurement,Allgemeine Akustik und Messung,core,active,,148329449,available,,False,False,False,master,Matlab,NOASSERTION,"[""acoustics"",""audio"",""dsp"",""impulse"",""matlab"",""measure"",""measurement"",""playrec"",""programming"",""response"",""sound""]",2,0,0,2018-09-11T14:21:57Z,2018-12-04T16:14:10Z,2023-08-21T13:18:14Z,2026-08-22,2026-08-25T15:30:14Z
GHIAO-0211,lynspica/acoustic-logic-gates,lynspica/acoustic-logic-gates,https://github.com/lynspica/acoustic-logic-gates,https://github.com/lynspica/acoustic-logic-gates,"Modelling the acoustic logic gates by solving the wave equation over the prescribed geometries by Wang, 2019 (DOI: 10.1038/s41598-019-44769-0)",Wellenphysikalische Modellierung akustischer Logikgatter aus Helmholtz-Resonatoren und Metamaterialstrukturen.,physical_and_computational_acoustics,Physical and computational acoustics,Physikalische und numerische Akustik,core,active,,565781779,available,,False,False,False,main,MATLAB,MIT,"[""acoustics"",""helmholtz-resonator"",""logic-gates"",""metamaterials"",""simulation"",""wave-equation"",""wave-propagation""]",2,0,0,2022-11-14T10:11:06Z,2023-03-23T10:12:24Z,2024-07-08T06:34:29Z,2026-08-22,2026-08-25T15:30:14Z
GHIAO-0212,double2dev/online-tone-generator-mcp,double2dev/online-tone-generator-mcp,https://github.com/double2dev/online-tone-generator-mcp,https://github.com/double2dev/online-tone-generator-mcp,"An official MCP server for Online Tone Generator. Discover audio frequencies for instrument tuning, acoustic testing, meditation, and generate direct listening links.","Akustikmessung, akustische Signalverarbeitung oder allgemeines Analysewerkzeug.",general_acoustics_and_measurement,General acoustics and measurement,Allgemeine Akustik und Messung,adjacent,active,,1322921046,available,https://onlinetonegen.com,False,False,False,main,JavaScript,,"[""acoustics"",""ai-tools"",""audio"",""audio-testing"",""claude"",""frequency-generator"",""mcp"",""mcp-server"",""modelcontextprotocol"",""sound"",""tone-generator""]",0,0,0,2026-08-04T12:24:07Z,2026-08-04T12:29:40Z,2026-08-04T12:31:56Z,2026-08-22,2026-08-25T15:30:14Z
GHIAO-0213,mhamilt/1D-Wave-in-5-minutes,mhamilt/1D-Wave-in-5-minutes,https://github.com/mhamilt/1D-Wave-in-5-minutes,https://github.com/mhamilt/1D-Wave-in-5-minutes,Reveal.js presentation and notes around the 1D wave equation and its modal frequencies,Lehrmaterial zur eindimensionalen Wellengleichung und ihren modalen Eigenfrequenzen.,physical_and_computational_acoustics,Physical and computational acoustics,Physikalische und numerische Akustik,core,active,,375953548,available,https://mhamilt.github.io/1D-Wave-in-5-minutes/,False,False,False,main,JavaScript,MIT,"[""acoustics"",""physics"",""presentation""]",1,0,0,2021-06-11T08:15:47Z,2025-07-22T09:58:03Z,2025-10-26T10:17:31Z,2026-08-22,2026-08-25T15:30:14Z
GHIAO-0214,gregzanch/alpha-db,gregzanch/alpha-db,https://github.com/gregzanch/alpha-db,https://github.com/gregzanch/alpha-db,Alpha-dB is an api for acoustic properties of various materials and constructions,"Akustikmessung, akustische Signalverarbeitung oder allgemeines Analysewerkzeug.",general_acoustics_and_measurement,General acoustics and measurement,Allgemeine Akustik und Messung,core,active,,275073818,available,,False,False,False,master,JavaScript,,"[""absorption"",""acoustics"",""api"",""material""]",1,0,10,2020-06-26T04:34:03Z,2022-12-13T04:05:26Z,2021-05-14T03:04:56Z,2026-08-22,2026-08-25T15:30:14Z
GHIAO-0215,fbosio/elasticas,fbosio/elasticas,https://github.com/fbosio/elasticas,https://github.com/fbosio/elasticas,Estimation of elastic wave velocities in anisotropic solids,Numerisches Werkzeug zur Schätzung elastischer Wellengeschwindigkeiten in anisotropen Festkörpern.,physical_and_computational_acoustics,Physical and computational acoustics,Physikalische und numerische Akustik,core,active,,521842516,available,https://www.elasticas.app/,False,False,False,main,JavaScript,MIT,"[""acoustics"",""anisotropic"",""anisotropic-elastic-properties"",""anisotropic-media"",""anisotropic-solid"",""anisotropy"",""elastic"",""math"",""mathematics"",""numpy"",""physics"",""solid"",""solids"",""tensor"",""tensors"",""wave"",""waves""]",1,0,0,2022-08-06T04:06:36Z,2025-06-24T20:49:23Z,2025-06-24T20:49:26Z,2026-08-22,2026-08-25T15:30:14Z
GHIAO-0216,QSOLKCB/TAS,QSOLKCB/TAS,https://github.com/QSOLKCB/TAS,https://github.com/QSOLKCB/TAS,The Topological Acoustic Stylus (TAS),Deterministische Forschungsumgebung zur Modellierung und kritischen Prüfung eines phasengesteuerten Ultraschallfeldes.,aero_underwater_and_ultrasound_acoustics,"Aeroacoustics, underwater acoustics, and ultrasound","Aero-, Unterwasser- und Ultraschallakustik",core,active,,1324582038,available,https://qsolkcb.github.io/TAS/,False,False,False,main,JavaScript,MPL-2.0,"[""acoustics"",""geometry"",""sonification"",""topology""]",1,0,0,2026-08-06T00:15:54Z,2026-08-06T02:18:06Z,2026-08-06T02:18:06Z,2026-08-22,2026-08-25T15:30:14Z
GHIAO-0217,niigata-onkyo/oto-kako,niigata-onkyo/oto-kako,https://github.com/niigata-onkyo/oto-kako,https://github.com/niigata-onkyo/oto-kako,[音加工班] 絵を描くように音を作るアプリケーション,"Akustikmessung, akustische Signalverarbeitung oder allgemeines Analysewerkzeug.",general_acoustics_and_measurement,General acoustics and measurement,Allgemeine Akustik und Messung,core,active,,1054609136,available,https://www.eng.niigata-u.ac.jp/~onkyo/ImageProcessing/,False,False,False,main-wasm,JavaScript,,"[""acoustics"",""engineering"",""griffin-lim"",""image-processing""]",0,0,11,2025-09-11T04:59:19Z,2026-05-27T14:54:01Z,2026-07-24T13:57:01Z,2026-08-22,2026-08-25T15:30:14Z
GHIAO-0218,Eomys/MoSQITo,Eomys/MoSQITo,https://github.com/Eomys/MoSQITo,https://github.com/Eomys/MoSQITo,"MoSQITo is a unified and modular development framework of key sound quality metrics favoring reproducible science and efficient shared scripting among engineers, teachers and researchers community.",Python-Paket für objektive Sound-Quality- und psychoakustische Metriken.,psychoacoustics_and_sound_quality,Psychoacoustics and sound quality,Psychoakustik und Sound Quality,core,active,,249368386,available,,False,False,False,master,Python,Apache-2.0,"[""acoustic"",""audio"",""audio-analysis"",""python"",""signal-processing"",""sound-quality"",""sq-metrics""]",174,47,25,2020-03-23T07:56:37Z,2024-09-10T07:15:52Z,2026-08-18T08:45:17Z,2026-08-22,2026-08-25T15:30:14Z
GHIAO-0219,ggrecow/SQAT,ggrecow/SQAT,https://github.com/ggrecow/SQAT,https://github.com/ggrecow/SQAT,SQAT is an open-source repository of MATLAB codes implementing key metrics for sound quality analysis.,"Psychoakustische Modelle, Hörmetriken oder Sound-Quality-Analyse.",psychoacoustics_and_sound_quality,Psychoacoustics and sound quality,Psychoakustik und Sound Quality,core,active,,627001780,available,,False,False,False,main,AGS Script,NOASSERTION,"[""acoustics"",""matlab"",""open-source"",""psychoacoustics"",""signal-processing"",""sound-quality""]",100,23,4,2023-04-12T15:28:00Z,2026-08-25T12:50:04Z,2026-08-25T12:56:48Z,2026-08-22,2026-08-25T15:30:14Z
GHIAO-0220,PALILA-TUDelft/pySQAT,PALILA-TUDelft/pySQAT,https://github.com/PALILA-TUDelft/pySQAT,https://github.com/PALILA-TUDelft/pySQAT,"This repository contains the Sound Quality Analysis Toolbox (SQAT, originally developed in MATLAB in https://github.com/ggrecow/SQAT) translated to Python","Psychoakustische Modelle, Hörmetriken oder Sound-Quality-Analyse.",psychoacoustics_and_sound_quality,Psychoacoustics and sound quality,Psychoakustik und Sound Quality,core,active,,1110683309,available,,False,False,False,main,AGS Script,,[],5,0,1,2025-12-05T15:05:34Z,2026-06-27T19:16:08Z,2026-08-04T03:51:19Z,2026-08-22,2026-08-25T15:30:14Z
GHIAO-0221,slink/ZwickerLoudness.jl,slink/ZwickerLoudness.jl,https://github.com/slink/ZwickerLoudness.jl,https://github.com/slink/ZwickerLoudness.jl,Zwicker loudness (ISO 532-1:2017) for stationary sounds in Julia — 1/3-octave SPL → sones/phons,"Psychoakustische Modelle, Hörmetriken oder Sound-Quality-Analyse.",psychoacoustics_and_sound_quality,Psychoacoustics and sound quality,Psychoakustik und Sound Quality,core,active,,1152458596,available,,False,False,False,main,Julia,MIT,"[""acoustics"",""audio"",""iso-532-1"",""julia"",""loudness"",""psychoacoustics"",""signal-processing"",""zwicker""]",4,0,0,2026-02-07T22:45:05Z,2026-07-15T02:48:45Z,2026-07-15T02:48:49Z,2026-08-22,2026-08-25T15:30:14Z
GHIAO-0222,slink/PsychoacousticMetrics.jl,slink/PsychoacousticMetrics.jl,https://github.com/slink/PsychoacousticMetrics.jl,https://github.com/slink/PsychoacousticMetrics.jl,,"Psychoakustische Modelle, Hörmetriken oder Sound-Quality-Analyse.",psychoacoustics_and_sound_quality,Psychoacoustics and sound quality,Psychoakustik und Sound Quality,core,active,,1292553110,available,,False,False,False,main,Julia,MIT,[],0,0,0,2026-07-07T16:10:07Z,2026-07-15T02:48:43Z,2026-07-15T02:48:47Z,2026-08-22,2026-08-25T15:30:14Z
GHIAO-0223,mlotinga/sottek-hearing-model,mlotinga/sottek-hearing-model,https://github.com/mlotinga/sottek-hearing-model,https://github.com/mlotinga/sottek-hearing-model,An implementation of the Sottek Hearing Model psychoacoustic sound quality metrics defined in ECMA-418-2.,"Psychoakustische Modelle, Hörmetriken oder Sound-Quality-Analyse.",psychoacoustics_and_sound_quality,Psychoacoustics and sound quality,Psychoakustik und Sound Quality,core,active,,1049711302,available,https://pypi.org/project/sottek-hearing-model,False,False,False,main,Python,GPL-3.0,"[""psychoacoustics"",""signal-processing"",""signal-processing-algorithms"",""sound-quality""]",23,2,4,2025-09-03T11:39:39Z,2026-06-01T21:08:04Z,2026-08-04T14:10:52Z,2026-08-22,2026-08-25T15:30:14Z
GHIAO-0224,acoustics-code-salford/refmap-psychoacoustics,acoustics-code-salford/refmap-psychoacoustics,https://github.com/acoustics-code-salford/refmap-psychoacoustics,https://github.com/acoustics-code-salford/refmap-psychoacoustics,REFMAP project task 4.3: Psychoacoustics of unmanned aerial vehicle (UAV) sound,"Psychoakustische Modelle, Hörmetriken oder Sound-Quality-Analyse.",psychoacoustics_and_sound_quality,Psychoacoustics and sound quality,Psychoakustik und Sound Quality,core,active,,638468571,available,,False,False,False,main,Jupyter Notebook,GPL-3.0,[],22,4,3,2023-05-09T12:38:40Z,2026-08-24T15:25:50Z,2026-08-24T15:31:06Z,2026-08-22,2026-08-25T15:30:14Z
GHIAO-0225,mandip42/psychoacoustics-tutorial,mandip42/psychoacoustics-tutorial,https://github.com/mandip42/psychoacoustics-tutorial,https://github.com/mandip42/psychoacoustics-tutorial,MATLAB and Python implementations of psychoacoustic metrics for automotive sound quality with case studies and ML workflows.,"Psychoakustische Modelle, Hörmetriken oder Sound-Quality-Analyse.",psychoacoustics_and_sound_quality,Psychoacoustics and sound quality,Psychoakustik und Sound Quality,core,active,,1060923619,available,,False,False,False,main,MATLAB,MIT,[],7,1,0,2025-09-20T21:47:06Z,2025-11-18T07:38:41Z,2026-04-08T06:42:34Z,2026-08-22,2026-08-25T15:30:14Z
GHIAO-0226,MalcolmSlaney/LoudnessModel,MalcolmSlaney/LoudnessModel,https://github.com/MalcolmSlaney/LoudnessModel,https://github.com/MalcolmSlaney/LoudnessModel,Python code for calculating the perceived loudness of time-varying sounds,"Psychoakustische Modelle, Hörmetriken oder Sound-Quality-Analyse.",psychoacoustics_and_sound_quality,Psychoacoustics and sound quality,Psychoakustik und Sound Quality,core,active,,855522833,available,,False,False,False,main,Python,BSD-2-Clause,[],15,5,0,2024-09-11T02:18:29Z,2025-03-20T04:02:17Z,2026-07-07T07:52:08Z,2026-08-22,2026-08-25T15:30:14Z
GHIAO-0227,porres/pd-psycho,porres/pd-psycho,https://github.com/porres/pd-psycho,https://github.com/porres/pd-psycho,Pd library with some psychoacoustic tools,"Psychoakustische Modelle, Hörmetriken oder Sound-Quality-Analyse.",psychoacoustics_and_sound_quality,Psychoacoustics and sound quality,Psychoakustik und Sound Quality,core,active,,188912949,available,,False,False,False,master,C,GPL-3.0,[],22,1,0,2019-05-27T21:49:01Z,2025-10-14T02:28:42Z,2025-10-14T02:27:15Z,2026-08-22,2026-08-25T15:30:14Z
GHIAO-0228,TUIlmenauAMS/PsychoacousticLoss,TUIlmenauAMS/PsychoacousticLoss,https://github.com/TUIlmenauAMS/PsychoacousticLoss,https://github.com/TUIlmenauAMS/PsychoacousticLoss,Psychoacoustic Loss Function,"Psychoakustische Modelle, Hörmetriken oder Sound-Quality-Analyse.",psychoacoustics_and_sound_quality,Psychoacoustics and sound quality,Psychoakustik und Sound Quality,core,active,,510658465,available,,False,False,False,main,Jupyter Notebook,,[],18,1,0,2022-07-05T08:53:45Z,2025-03-20T15:32:00Z,2026-03-05T14:24:12Z,2026-08-22,2026-08-25T15:30:14Z
GHIAO-0229,Jencke/audiotoolbox,Jencke/audiotoolbox,https://github.com/Jencke/audiotoolbox,https://github.com/Jencke/audiotoolbox,A python package for generating stimuli for auditory research.,"Psychoakustische Modelle, Hörmetriken oder Sound-Quality-Analyse.",psychoacoustics_and_sound_quality,Psychoacoustics and sound quality,Psychoakustik und Sound Quality,core,active,,236453822,available,https://audiotoolbox.org/,False,False,False,master,Python,GPL-3.0,"[""audio"",""audio-processing"",""psychoacoustics"",""python"",""research-and-development"",""science""]",5,2,4,2020-01-27T09:13:36Z,2026-07-08T08:21:54Z,2026-07-08T08:20:50Z,2026-08-22,2026-08-25T15:30:14Z
GHIAO-0230,hagenw/amtoolbox,hagenw/amtoolbox,https://github.com/hagenw/amtoolbox,https://github.com/hagenw/amtoolbox,Mirror of the Auditory Modelling Toolbox http://amtoolbox.sourceforge.net/,"Psychoakustische Modelle, Hörmetriken oder Sound-Quality-Analyse.",psychoacoustics_and_sound_quality,Psychoacoustics and sound quality,Psychoakustik und Sound Quality,core,active,,13117547,available,,False,False,False,master,MATLAB,NOASSERTION,[],11,5,0,2013-09-26T09:01:55Z,2019-01-28T16:48:13Z,2025-06-20T13:23:04Z,2026-08-22,2026-08-25T15:30:14Z
GHIAO-0231,ppklose/ppkSPLMeter,ppklose/ppkSPLMeter,https://github.com/ppklose/ppkSPLMeter,https://github.com/ppklose/ppkSPLMeter,Config files for my GitHub profile.,"Schalldruckpegelmesser und Analysewerkzeug mit Frequenzbewertung, Spektrogramm und ergänzenden psychoakustischen Metriken.",general_acoustics_and_measurement,General acoustics and measurement,Allgemeine Akustik und Messung,core,active,,443058012,available,https://github.com/ppklose,False,False,False,main,C++,MIT,"[""config"",""github-config""]",12,1,0,2021-12-30T11:42:49Z,2026-08-14T14:46:04Z,2026-08-14T22:01:18Z,2026-08-22,2026-08-25T15:30:14Z
GHIAO-0232,ucl-bug/k-wave,ucl-bug/k-wave,https://github.com/ucl-bug/k-wave,https://github.com/ucl-bug/k-wave,A MATLAB toolbox for the time-domain simulation of acoustic wave fields,MATLAB-Toolbox zur zeitbereichsbasierten Simulation von Ultraschall- und photoakustischen Wellenfeldern.,aero_underwater_and_ultrasound_acoustics,"Aeroacoustics, underwater acoustics, and ultrasound","Aero-, Unterwasser- und Ultraschallakustik",core,active,,563290722,available,,False,False,False,main,MATLAB,LGPL-3.0,[],127,24,11,2022-11-08T10:01:14Z,2026-05-05T09:49:13Z,2026-08-20T15:41:48Z,2026-08-22,2026-08-25T15:30:14Z
GHIAO-0233,waltsims/k-wave-python,waltsims/k-wave-python,https://github.com/waltsims/k-wave-python,https://github.com/waltsims/k-wave-python,A Python interface to k-Wave GPU accelerated binaries,Python-Schnittstelle zu GPU-beschleunigten k-Wave-Programmen für Ultraschall- und akustische Wellensimulationen.,aero_underwater_and_ultrasound_acoustics,"Aeroacoustics, underwater acoustics, and ultrasound","Aero-, Unterwasser- und Ultraschallakustik",core,active,,477094400,available,https://k-wave-python.readthedocs.io/en/latest/,False,False,False,master,Python,LGPL-3.0,"[""acoustics"",""gpu"",""kwave"",""neuroscience"",""python"",""simulation"",""ultrasound"",""wave-equation""]",221,61,51,2022-04-02T15:27:23Z,2026-08-20T14:51:17Z,2026-08-24T14:33:37Z,2026-08-22,2026-08-25T15:30:14Z
GHIAO-0234,Any2HRTF/Mesh2HRTF,Any2HRTF/Mesh2HRTF,https://github.com/Any2HRTF/Mesh2HRTF,https://github.com/Any2HRTF/Mesh2HRTF,Open software for the numerical calculation of head-related transfer functions,BEM-basierte Berechnung räumlicher HRTFs aus dreidimensionalen Kopf- und Ohrnetzen.,spatial_audio_and_auralization,Spatial audio and auralization,Räumliches Audio und Auralisierung,core,active,,481234519,available,,False,False,False,master,C++,EUPL-1.2,[],184,22,15,2022-04-13T13:47:26Z,2026-07-14T11:50:28Z,2026-08-14T19:50:03Z,2026-08-22,2026-08-25T15:30:14Z
GHIAO-0235,optimuslib/optimus,optimuslib/optimus,https://github.com/optimuslib/optimus,https://github.com/optimuslib/optimus,The official repository of OptimUS: a Python library for solving 3D acoustic wave propagation.,"Numerische oder physikalische Akustik, Wellen-, FEM-, BEM- oder FDTD-Modellierung.",physical_and_computational_acoustics,Physical and computational acoustics,Physikalische und numerische Akustik,core,active,,472118984,available,,False,False,False,main,Jupyter Notebook,MIT,[],34,13,1,2022-03-20T22:33:13Z,2026-08-11T10:15:43Z,2026-08-16T11:36:57Z,2026-08-22,2026-08-25T15:30:14Z
GHIAO-0236,bempp/bempp-cl,bempp/bempp-cl,https://github.com/bempp/bempp-cl,https://github.com/bempp/bempp-cl,A fast Python based just-in-time compiling boundary element library,"Numerische oder physikalische Akustik, Wellen-, FEM-, BEM- oder FDTD-Modellierung.",physical_and_computational_acoustics,Physical and computational acoustics,Physikalische und numerische Akustik,adjacent,active,,181741757,available,http://www.bempp.com,False,False,False,main,Python,MIT,[],221,57,32,2019-04-16T18:07:34Z,2026-08-24T08:15:02Z,2026-08-22T10:18:55Z,2026-08-22,2026-08-25T15:30:14Z
GHIAO-0237,microsoft/AcousticScatteringData,microsoft/AcousticScatteringData,https://github.com/microsoft/AcousticScatteringData,https://github.com/microsoft/AcousticScatteringData,Synthetic exterior acoustic scattering data and sample parsing code.,"Numerische oder physikalische Akustik, Wellen-, FEM-, BEM- oder FDTD-Modellierung.",physical_and_computational_acoustics,Physical and computational acoustics,Physikalische und numerische Akustik,core,active,,236407033,available,,True,False,False,master,MATLAB,,"[""acoustic-scattering-data"",""acoustics"",""convolutional-neural-networks"",""dataset"",""deep-neural-networks"",""icassp-2020"",""matlab"",""octave-bands"",""scattering""]",17,8,1,2020-01-27T02:24:04Z,2020-02-05T18:31:26Z,2026-06-11T13:37:41Z,2026-08-22,2026-08-25T15:30:14Z
GHIAO-0238,polycfd/apecss,polycfd/apecss,https://github.com/polycfd/apecss,https://github.com/polycfd/apecss,APECSS is a software toolbox to compute pressure-driven bubble dynamics and the resulting acoustic emissions. ,"Werkzeugkasten zur Simulation druckgetriebener Blasendynamik, Kavitation und der entstehenden Ultraschallemissionen.",aero_underwater_and_ultrasound_acoustics,"Aeroacoustics, underwater acoustics, and ultrasound","Aero-, Unterwasser- und Ultraschallakustik",core,active,,552763940,available,,False,False,False,main,C,MPL-2.0,"[""acoustics"",""bubble-dynamics"",""c"",""cavitation"",""keller-miksis"",""multiphase-flow"",""rayleigh-plesset"",""ultrasound""]",28,9,0,2022-10-17T07:35:31Z,2025-11-06T17:17:41Z,2026-01-28T15:53:36Z,2026-08-22,2026-08-25T15:30:14Z
GHIAO-0239,jotachango/adaptive-boxes-gpu,jotachango/adaptive-boxes-gpu,https://github.com/jotachango/adaptive-boxes-gpu,https://github.com/jotachango/adaptive-boxes-gpu,GPU-accelerated rectangular decomposition for sound propagation modeling :zap: :package: ,"Numerische oder physikalische Akustik, Wellen-, FEM-, BEM- oder FDTD-Modellierung.",physical_and_computational_acoustics,Physical and computational acoustics,Physikalische und numerische Akustik,core,active,,197078513,available,,False,False,False,master,C,,"[""acoustics"",""computational-acoustics"",""cuda"",""domain-decomposition"",""gpu"",""mesh"",""parallel-computing"",""rectangle-covering"",""rectangle-detection"",""rectangular-decomposition"",""sound-propagation-modeling""]",15,2,3,2019-07-15T22:03:33Z,2020-04-23T04:14:25Z,2025-08-31T14:18:09Z,2026-08-22,2026-08-25T15:30:14Z
GHIAO-0240,mipals/BoundaryIntegralEquations.jl,mipals/BoundaryIntegralEquations.jl,https://github.com/mipals/BoundaryIntegralEquations.jl,https://github.com/mipals/BoundaryIntegralEquations.jl,A simple package for solving Boundary Integral Equations using the (collocation) Boundary Element Method.,"Numerische oder physikalische Akustik, Wellen-, FEM-, BEM- oder FDTD-Modellierung.",physical_and_computational_acoustics,Physical and computational acoustics,Physikalische und numerische Akustik,core,active,,483981869,available,,False,False,False,main,Julia,MIT,"[""acoustics"",""bem"",""boundary-element-method"",""boundary-integral-equations""]",26,1,20,2022-04-21T09:09:02Z,2026-04-09T00:26:42Z,2026-03-21T03:04:00Z,2026-08-22,2026-08-25T15:30:14Z
GHIAO-0241,ROMSOC/pressure-projections,ROMSOC/pressure-projections,https://github.com/ROMSOC/pressure-projections,https://github.com/ROMSOC/pressure-projections,Post-processing projections for displacement-based finite-element simulations in Room Acoustics,Nachverarbeitungsprojektionen für verschiebungsbasierte Finite-Elemente-Simulationen in der Raumakustik.,room_and_virtual_acoustics,Room and virtual acoustics,Raum- und virtuelle Akustik,core,active,,884902354,available,https://doi.org/10.5281/zenodo.14259639,False,False,False,main,Julia,MIT,"[""acoustics"",""finite-element-methods"",""orthogonal-projection""]",0,0,0,2024-11-07T15:38:51Z,2025-05-06T13:16:51Z,2025-05-06T13:30:25Z,2026-08-22,2026-08-25T15:30:14Z
GHIAO-0242,jdbosser/GPU-Acoustics,jdbosser/GPU-Acoustics,https://github.com/jdbosser/GPU-Acoustics,https://github.com/jdbosser/GPU-Acoustics,Target strength (TS) calculation of 3D-models in the web browser using WebGL and three.js.,GPU-beschleunigte Berechnung des unterwasserakustischen Zielmaßes dreidimensionaler Körper.,aero_underwater_and_ultrasound_acoustics,"Aeroacoustics, underwater acoustics, and ultrasound","Aero-, Unterwasser- und Ultraschallakustik",core,active,,302859935,available,,False,False,False,main,JavaScript,MIT,"[""3d-models"",""acoustics"",""research-paper"",""research-project"",""webgl"",""webgl2""]",11,1,0,2020-10-10T09:02:19Z,2020-10-26T09:51:12Z,2026-01-25T19:38:25Z,2026-08-22,2026-08-25T15:30:14Z
GHIAO-0243,nightmoonbridge/vast_dft,nightmoonbridge/vast_dft,https://github.com/nightmoonbridge/vast_dft,https://github.com/nightmoonbridge/vast_dft,"A code repository for the accepted paper entitled ""Fast Generation of Sound Zones Using Variable Span Trade-Off Filters in the DFT-Domain"".",DFT-basiertes Array- und Filterverfahren zur schnellen Erzeugung räumlich begrenzter Schallzonen.,spatial_audio_and_auralization,Spatial audio and auralization,Räumliches Audio und Auralisierung,core,active,,258504446,available,,False,False,False,master,MATLAB,BSD-2-Clause,"[""acoustics"",""array-signal-processing"",""optimal-filtering"",""signal-processing"",""sound-zones""]",18,4,0,2020-04-24T12:20:12Z,2025-02-17T10:59:23Z,2025-10-24T02:48:00Z,2026-08-22,2026-08-25T15:30:14Z
GHIAO-0244,stuart-hawkins/tmatrom3,stuart-hawkins/tmatrom3,https://github.com/stuart-hawkins/tmatrom3,https://github.com/stuart-hawkins/tmatrom3,A numerically stable T-matrix package for 3D acoustics,"Numerische oder physikalische Akustik, Wellen-, FEM-, BEM- oder FDTD-Modellierung.",physical_and_computational_acoustics,Physical and computational acoustics,Physikalische und numerische Akustik,core,active,,454668947,available,,False,False,False,main,MATLAB,GPL-3.0,"[""acoustics"",""scattering"",""t-matrix"",""wave""]",6,2,0,2022-02-02T06:39:03Z,2022-02-05T23:32:55Z,2025-03-06T12:15:50Z,2026-08-22,2026-08-25T15:30:14Z
GHIAO-0245,augucarv/FEM-acoustics,augucarv/FEM-acoustics,https://github.com/augucarv/FEM-acoustics,https://github.com/augucarv/FEM-acoustics,Open source MATLAB code for implementing a Finite Element Model in plates coupled with acoustic cavities. Contains the published paper.,Finite-Elemente-Modellierung gekoppelter Platten und akustischer Hohlräume.,vibroacoustics_and_modal_analysis,Vibroacoustics and modal analysis,Vibroakustik und Modalanalyse,core,active,,235566054,available,,False,False,False,master,MATLAB,,"[""acoustics"",""fem"",""matlab""]",3,0,1,2020-01-22T12:11:34Z,2020-12-09T22:44:33Z,2025-03-31T08:01:25Z,2026-08-22,2026-08-25T15:30:14Z
GHIAO-0246,KennethKJ/SoundPropagationModeling,KennethKJ/SoundPropagationModeling,https://github.com/KennethKJ/SoundPropagationModeling,https://github.com/KennethKJ/SoundPropagationModeling,"Software for modeling outdoor sound propagation, including the influence of the ground effect, atmospheric attenuation, and turbulence","Modellierung der Schallausbreitung im Freien unter Berücksichtigung von Bodeneffekt, Atmosphäre und Turbulenz.",environmental_building_and_transport_acoustics,"Environmental, building, and transport acoustics","Umwelt-, Gebäude- und Verkehrsakustik",core,active,,327397387,available,https://kennethkj.github.io/GroundEffectModeling/,False,False,False,master,MATLAB,,"[""acoustics"",""animal"",""behavior"",""bioacoustics"",""communication"",""effect"",""ground"",""modeling"",""sound""]",2,1,0,2021-01-06T18:29:15Z,2021-01-09T17:00:00Z,2024-03-25T12:50:30Z,2026-08-22,2026-08-25T15:30:14Z
GHIAO-0247,DrStS/STACCATO,DrStS/STACCATO,https://github.com/DrStS/STACCATO,https://github.com/DrStS/STACCATO,STACCATO: STefAn's Computational vibroaCoustics Analysis TOol ,Numerisches Analysewerkzeug für gekoppelte vibroakustische Simulationen.,vibroacoustics_and_modal_analysis,Vibroacoustics and modal analysis,Vibroakustik und Modalanalyse,core,active,,204646079,available,,False,False,False,master,C++,GPL-3.0,[],4,1,0,2019-08-27T07:30:28Z,2019-08-27T08:18:10Z,2024-11-23T15:37:48Z,2026-08-22,2026-08-25T15:30:14Z
GHIAO-0248,unicfdlab/libAcoustics,unicfdlab/libAcoustics,https://github.com/unicfdlab/libAcoustics,https://github.com/unicfdlab/libAcoustics,libAcoustics - OpenFOAM library for far-field noise computation,OpenFOAM-Bibliothek zur aeroakustischen Berechnung von Fernfeldgeräuschen.,aero_underwater_and_ultrasound_acoustics,"Aeroacoustics, underwater acoustics, and ultrasound","Aero-, Unterwasser- und Ultraschallakustik",core,active,,44530664,available,,False,False,False,master,,,"[""acoustics"",""aero"",""caa"",""computational"",""curle"",""fwh"",""libacoustics"",""openfoam"",""openfoam-library""]",184,66,21,2015-10-19T11:40:50Z,2026-01-20T10:12:10Z,2026-08-17T09:48:37Z,2026-08-22,2026-08-25T15:30:14Z
GHIAO-0249,kmturbulenz/mglet-base,kmturbulenz/mglet-base,https://github.com/kmturbulenz/mglet-base,https://github.com/kmturbulenz/mglet-base,Multi Grid Large Eddy Turbulence,Offener Basislöser für turbulente Strömungen als Grundlage aeroakustischer Erweiterungen.,aero_underwater_and_ultrasound_acoustics,"Aeroacoustics, underwater acoustics, and ultrasound","Aero-, Unterwasser- und Ultraschallakustik",core,active,,524973981,available,,False,False,False,master,Fortran,Apache-2.0,[],10,7,7,2022-08-15T12:13:48Z,2026-08-25T15:06:41Z,2026-08-25T11:09:23Z,2026-08-22,2026-08-25T15:30:14Z
GHIAO-0250,marlonsmathias/GATT_DNS,marlonsmathias/GATT_DNS,https://github.com/marlonsmathias/GATT_DNS,https://github.com/marlonsmathias/GATT_DNS,"Direct Numerical Simulation code for the compressible Navier-Stokes equations. The linear stability analysis (LST) is done by a Jacobian-free time-stepping algorithm. The code was developed by the Group of Aeroacoustics, Transition and Turbulence of the São Carlos School of Engineering - University of São Paulo (EESC-USP).",Direkte numerische Strömungssimulation und Stabilitätsanalyse als Grundlage aeroakustischer Forschung.,aero_underwater_and_ultrasound_acoustics,"Aeroacoustics, underwater acoustics, and ultrasound","Aero-, Unterwasser- und Ultraschallakustik",core,active,,355988001,available,,False,False,False,main,Fortran,GPL-3.0,"[""cfd"",""flow"",""global-stability"",""linear-stability-analysis"",""simulation""]",41,12,0,2021-04-08T17:02:12Z,2024-11-14T18:14:41Z,2026-06-24T15:22:49Z,2026-08-22,2026-08-25T15:30:14Z
GHIAO-0251,Universite-Gustave-Eiffel/NoiseModelling,Universite-Gustave-Eiffel/NoiseModelling,https://github.com/Universite-Gustave-Eiffel/NoiseModelling,https://github.com/Universite-Gustave-Eiffel/NoiseModelling,An open-source model for calculating noise maps. ,Bibliothek für Umweltlärmkarten und Schallausbreitungsrechnung.,environmental_building_and_transport_acoustics,"Environmental, building, and transport acoustics","Umwelt-, Gebäude- und Verkehrsakustik",core,active,,5002457,available,https://noisemodelling.readthedocs.io/,False,False,False,main,Java,GPL-3.0,"[""acoustics"",""cnossos-eu"",""gis"",""java"",""modelling"",""noise"",""noise-modelling"",""noise-propagation"",""pathfinder"",""pathfinding"",""propagation"",""research"",""sound-propagation""]",232,95,83,2012-07-12T11:21:06Z,2026-08-14T15:04:52Z,2026-08-21T18:17:44Z,2026-08-22,2026-08-25T15:30:14Z
GHIAO-0252,Universite-Gustave-Eiffel/NoiseCapture,Universite-Gustave-Eiffel/NoiseCapture,https://github.com/Universite-Gustave-Eiffel/NoiseCapture,https://github.com/Universite-Gustave-Eiffel/NoiseCapture,Android App dedicated to the measurement of environmental noise.,"Umwelt-, Gebäude- oder Verkehrsakustik und Lärmkartierung.",environmental_building_and_transport_acoustics,"Environmental, building, and transport acoustics","Umwelt-, Gebäude- und Verkehrsakustik",core,active,,32870652,available,http://noise-planet.org/fr/noisecapture.html,False,False,False,master,Java,GPL-3.0,"[""android"",""collaborative-science"",""measurements"",""noise-maps""]",133,52,73,2015-03-25T14:45:36Z,2026-07-22T09:53:00Z,2026-08-24T19:35:07Z,2026-08-22,2026-08-25T15:30:14Z
GHIAO-0253,Universite-Gustave-Eiffel/Rail4Earth,Universite-Gustave-Eiffel/Rail4Earth,https://github.com/Universite-Gustave-Eiffel/Rail4Earth,https://github.com/Universite-Gustave-Eiffel/Rail4Earth,OnoSensor (Open Noise Sensor) empowering communities through complete noise monitoring — From acquisition to distributed networked storage and visualization.,"Umwelt-, Gebäude- oder Verkehrsakustik und Lärmkartierung.",environmental_building_and_transport_acoustics,"Environmental, building, and transport acoustics","Umwelt-, Gebäude- und Verkehrsakustik",core,active,,764125567,available,,False,False,False,main,JavaScript,BSD-3-Clause,[],7,1,12,2024-02-27T14:24:11Z,2025-10-06T12:31:42Z,2026-06-17T14:53:14Z,2026-08-22,2026-08-25T15:30:14Z
GHIAO-0254,sparrow-acoustics/sparrowpy,sparrow-acoustics/sparrowpy,https://github.com/sparrow-acoustics/sparrowpy,https://github.com/sparrow-acoustics/sparrowpy,Sound Propagation with Acoustic Radiosity for Realistic Outdoor Worlds,"Umwelt-, Gebäude- oder Verkehrsakustik und Lärmkartierung.",environmental_building_and_transport_acoustics,"Environmental, building, and transport acoustics","Umwelt-, Gebäude- und Verkehrsakustik",core,active,,803891844,available,,False,False,False,main,Python,MIT,[],22,3,44,2024-05-21T15:01:33Z,2026-08-25T15:27:42Z,2026-08-25T14:53:46Z,2026-08-22,2026-08-25T15:30:14Z
GHIAO-0255,Code-TYMPAN/code_tympan,,https://github.com/Code-TYMPAN/code_tympan,,,"Umwelt-, Gebäude- oder Verkehrsakustik und Lärmkartierung.",environmental_building_and_transport_acoustics,"Environmental, building, and transport acoustics","Umwelt-, Gebäude- und Verkehrsakustik",core,active,,,unavailable,,,,,,,,[],,,,,,,2026-08-22,2026-08-25T15:30:14Z
GHIAO-0256,dbetchkal/NMSIM-Python,dbetchkal/NMSIM-Python,https://github.com/dbetchkal/NMSIM-Python,https://github.com/dbetchkal/NMSIM-Python,A Python-based wrapper for Noise Model Simulation (NMSIM). Eases the creation of input files and joining data from GIS databases.,"Umwelt-, Gebäude- oder Verkehrsakustik und Lärmkartierung.",environmental_building_and_transport_acoustics,"Environmental, building, and transport acoustics","Umwelt-, Gebäude- und Verkehrsakustik",core,active,,310674326,available,,False,False,False,main,Jupyter Notebook,GPL-2.0,"[""acoustics"",""aircraft-noise"",""gis"",""noise"",""noise-model"",""sound-propagation"",""sound-propagation-modeling""]",12,3,12,2020-11-06T18:20:56Z,2024-04-10T19:00:13Z,2025-07-31T20:40:52Z,2026-08-22,2026-08-25T15:30:14Z
GHIAO-0257,MitchellAcoustics/Soundscapy,MitchellAcoustics/Soundscapy,https://github.com/MitchellAcoustics/Soundscapy,https://github.com/MitchellAcoustics/Soundscapy,A python library for soundscape assessments,Python-Bibliothek zur standardisierten Bewertung und Analyse menschlich wahrgenommener Klanglandschaften.,soundscape_and_bioacoustics,"Soundscape, bioacoustics, and ecoacoustics","Soundscape, Bio- und Ökoakustik",core,active,,331722386,available,https://drandrewmitchell.com/Soundscapy/,False,False,False,main,Python,NOASSERTION,[],58,12,23,2021-01-21T18:47:20Z,2026-06-12T15:55:42Z,2026-05-15T15:21:52Z,2026-08-22,2026-08-25T15:30:14Z
GHIAO-0258,rivm-syso/OURS,rivm-syso/OURS,https://github.com/rivm-syso/OURS,https://github.com/rivm-syso/OURS,Dutch calculation method for railway vibrations,"Vibroakustik, strukturelle Akustik oder Modalanalyse.",vibroacoustics_and_modal_analysis,Vibroacoustics and modal analysis,Vibroakustik und Modalanalyse,core,active,,263941943,available,,False,False,False,master,Pascal,EUPL-1.2,[],8,4,7,2020-05-14T14:44:15Z,2026-08-24T14:55:45Z,2026-06-29T04:46:42Z,2026-08-22,2026-08-25T15:30:14Z
GHIAO-0259,dagghe/pyOMA2,dagghe/pyOMA2,https://github.com/dagghe/pyOMA2,https://github.com/dagghe/pyOMA2,Python module for conducting operational modal analysis,"Vibroakustik, strukturelle Akustik oder Modalanalyse.",vibroacoustics_and_modal_analysis,Vibroacoustics and modal analysis,Vibroakustik und Modalanalyse,core,active,,680238610,available,,False,False,False,main,Python,MIT,"[""operational-modal-analysis"",""structural-dynamics""]",65,24,6,2023-08-18T17:25:17Z,2026-08-17T11:34:43Z,2026-08-25T10:01:57Z,2026-08-22,2026-08-25T15:30:14Z
GHIAO-0260,MOPT-UFSC/VIBRA,MOPT-UFSC/VIBRA,https://github.com/MOPT-UFSC/VIBRA,https://github.com/MOPT-UFSC/VIBRA,Vibroacoustic Analysis using the Finite Element Method,"Vibroakustik, strukturelle Akustik oder Modalanalyse.",vibroacoustics_and_modal_analysis,Vibroacoustics and modal analysis,Vibroakustik und Modalanalyse,core,active,,662679851,available,,False,False,False,main,Python,GPL-3.0,[],17,3,62,2023-07-05T16:44:00Z,2026-08-25T15:13:35Z,2026-08-13T23:11:07Z,2026-08-22,2026-08-25T15:30:14Z
GHIAO-0261,MOPT-UFSC/OpenPulse,MOPT-UFSC/OpenPulse,https://github.com/MOPT-UFSC/OpenPulse,https://github.com/MOPT-UFSC/OpenPulse,Open Source Software for Pulsation Analysis of Pipeline Systems ,"Vibroakustik, strukturelle Akustik oder Modalanalyse.",vibroacoustics_and_modal_analysis,Vibroacoustics and modal analysis,Vibroakustik und Modalanalyse,core,active,,219502409,available,https://open-pulse.readthedocs.io,False,False,False,main,Python,GPL-3.0,[],55,23,45,2019-11-04T12:59:11Z,2026-08-13T23:10:23Z,2026-08-14T19:09:09Z,2026-08-22,2026-08-25T15:30:14Z
GHIAO-0262,minipief/pyva,minipief/pyva,https://github.com/minipief/pyva,https://github.com/minipief/pyva,Python toolbox for vibroacoustics,"Vibroakustik, strukturelle Akustik oder Modalanalyse.",vibroacoustics_and_modal_analysis,Vibroacoustics and modal analysis,Vibroakustik und Modalanalyse,core,active,,466706687,available,,False,False,False,main,Python,MIT,[],35,10,0,2022-03-06T10:41:10Z,2026-08-04T21:36:49Z,2026-08-24T20:37:12Z,2026-08-22,2026-08-25T15:30:14Z
GHIAO-0263,jotachango/vibro-acus-fem,jotachango/vibro-acus-fem,https://github.com/jotachango/vibro-acus-fem,https://github.com/jotachango/vibro-acus-fem,Numerically Based Analyses of Fluid–Structure Interaction: Matlab and C++/CUDA implementation of FEM models.,"Vibroakustik, strukturelle Akustik oder Modalanalyse.",vibroacoustics_and_modal_analysis,Vibroacoustics and modal analysis,Vibroakustik und Modalanalyse,core,active,,177810035,available,,False,False,False,master,MATLAB,,"[""acoustics"",""computational-acoustics"",""fem"",""finite-element-analysis"",""finite-element-methods"",""matlab"",""metodo-elemento-finitos"",""vibroacoustics""]",7,3,1,2019-03-26T14:52:54Z,2019-05-20T02:44:38Z,2026-08-13T11:13:48Z,2026-08-22,2026-08-25T15:30:14Z
GHIAO-0264,python-acoustics/Sea,python-acoustics/Sea,https://github.com/python-acoustics/Sea,https://github.com/python-acoustics/Sea,DISCONTINUED - Statistical Energy Analysis (SEA) module for FreeCAD.,"Vibroakustik, strukturelle Akustik oder Modalanalyse.",vibroacoustics_and_modal_analysis,Vibroacoustics and modal analysis,Vibroakustik und Modalanalyse,adjacent,active,,7466520,available,,True,False,False,master,Python,BSD-3-Clause,[],11,6,19,2013-01-06T10:13:40Z,2013-04-17T08:30:32Z,2026-01-17T10:11:14Z,2026-08-22,2026-08-25T15:30:14Z
GHIAO-0265,permas4edu/permas4edu,permas4edu/permas4edu,https://github.com/permas4edu/permas4edu,https://github.com/permas4edu/permas4edu,Collection of finite element models ,"Vibroakustik, strukturelle Akustik oder Modalanalyse.",vibroacoustics_and_modal_analysis,Vibroacoustics and modal analysis,Vibroakustik und Modalanalyse,adjacent,active,,622841087,available,https://www.intes.de/edu,False,False,False,main,HTML,,"[""buckling"",""cae"",""computer-aided-engineering"",""contact"",""finite-element-analysis"",""finite-element-methods"",""finite-elements"",""fluid-structure-interaction"",""heat-transfer"",""hpc"",""mesh-generation"",""mesh-processing"",""parametric-optimization"",""python3"",""rotor-dynamics"",""shape-optimization"",""simulation"",""structural-dynamics"",""topology-optimization"",""vibration-analysis""]",32,4,0,2023-04-03T07:10:51Z,2026-08-25T14:17:13Z,2026-08-25T14:41:14Z,2026-08-22,2026-08-25T15:30:14Z
GHIAO-0266,ecker-lab/Optimizing_Vibrating_Plates,ecker-lab/Optimizing_Vibrating_Plates,https://github.com/ecker-lab/Optimizing_Vibrating_Plates,https://github.com/ecker-lab/Optimizing_Vibrating_Plates,Code for the paper Minimizing Structural Vibrations via Guided Flow Matching Design Optimization,"Vibroakustik, strukturelle Akustik oder Modalanalyse.",vibroacoustics_and_modal_analysis,Vibroacoustics and modal analysis,Vibroakustik und Modalanalyse,core,active,,991980850,available,,False,False,False,main,Python,NOASSERTION,[],6,1,0,2025-05-28T12:44:13Z,2026-06-19T12:40:23Z,2026-06-19T12:40:27Z,2026-08-22,2026-08-25T15:30:14Z
GHIAO-0267,1oly/AeroAcoustics.jl,1oly/AeroAcoustics.jl,https://github.com/1oly/AeroAcoustics.jl,https://github.com/1oly/AeroAcoustics.jl,A Julia package for Aeroacoustics,"Aero-, Unterwasser- oder Ultraschallakustik.",aero_underwater_and_ultrasound_acoustics,"Aeroacoustics, underwater acoustics, and ultrasound","Aero-, Unterwasser- und Ultraschallakustik",core,active,,167165058,available,,False,False,False,master,Julia,NOASSERTION,[],33,5,6,2019-01-23T10:35:33Z,2026-05-01T11:20:26Z,2026-02-25T14:29:12Z,2026-08-22,2026-08-25T15:30:14Z
GHIAO-0268,Universite-Gustave-Eiffel/WAPE,Universite-Gustave-Eiffel/WAPE,https://github.com/Universite-Gustave-Eiffel/WAPE,https://github.com/Universite-Gustave-Eiffel/WAPE,,"Aero-, Unterwasser- oder Ultraschallakustik.",aero_underwater_and_ultrasound_acoustics,"Aeroacoustics, underwater acoustics, and ultrasound","Aero-, Unterwasser- und Ultraschallakustik",core,active,,578555002,available,,False,False,False,main,MATLAB,EUPL-1.2,[],10,0,0,2022-12-15T10:34:34Z,2024-07-17T13:39:13Z,2026-05-11T11:26:08Z,2026-08-22,2026-08-25T15:30:14Z
GHIAO-0269,byuflowlab/FLOWUnsteady,byuflowlab/FLOWUnsteady,https://github.com/byuflowlab/FLOWUnsteady,https://github.com/byuflowlab/FLOWUnsteady,An interactional aerodynamics and acoustics solver for multirotor aircraft and wind energy,"Aero-, Unterwasser- oder Ultraschallakustik.",aero_underwater_and_ultrasound_acoustics,"Aeroacoustics, underwater acoustics, and ultrasound","Aero-, Unterwasser- und Ultraschallakustik",core,active,,211944072,available,https://flow.byu.edu/FLOWUnsteady/,False,False,False,master,Julia,MIT,"[""acoustics"",""aeroacoustics"",""aerodynamics"",""aircraft"",""cfd"",""computational-fluid-dynamics"",""rotorcraft"",""vortex-methods"",""vpm"",""vtol"",""wind-turbine""]",383,89,43,2019-09-30T19:55:38Z,2026-08-05T01:07:29Z,2026-08-21T10:13:38Z,2026-08-22,2026-08-25T15:30:14Z
GHIAO-0270,org-arl/UnderwaterAcoustics.jl,org-arl/UnderwaterAcoustics.jl,https://github.com/org-arl/UnderwaterAcoustics.jl,https://github.com/org-arl/UnderwaterAcoustics.jl,Julia toolbox for underwater acoustic modeling,Julia-Ökosystem zur Modellierung der Unterwasser-Schallausbreitung.,aero_underwater_and_ultrasound_acoustics,"Aeroacoustics, underwater acoustics, and ultrasound","Aero-, Unterwasser- und Ultraschallakustik",core,active,,245935897,available,,False,False,False,master,Julia,MIT,[],87,26,13,2020-03-09T03:30:36Z,2026-07-14T17:55:13Z,2026-07-31T07:40:42Z,2026-08-22,2026-08-25T15:30:14Z
GHIAO-0271,org-arl/VirtualAcousticOcean.jl,org-arl/VirtualAcousticOcean.jl,https://github.com/org-arl/VirtualAcousticOcean.jl,https://github.com/org-arl/VirtualAcousticOcean.jl,Real-time underwater acoustic simulator,"Aero-, Unterwasser- oder Ultraschallakustik.",aero_underwater_and_ultrasound_acoustics,"Aeroacoustics, underwater acoustics, and ultrasound","Aero-, Unterwasser- und Ultraschallakustik",core,active,,775617945,available,,False,False,False,main,Julia,MIT,[],25,5,1,2024-03-21T18:11:33Z,2026-08-02T16:45:16Z,2026-08-02T16:15:44Z,2026-08-22,2026-08-25T15:30:14Z
GHIAO-0272,A-New-BellHope/bellhop,A-New-BellHope/bellhop,https://github.com/A-New-BellHope/bellhop,https://github.com/A-New-BellHope/bellhop,"A mirror of the original FORTRAN BELLHOP underwater acoustics simulator, with some bugs fixed","Aero-, Unterwasser- oder Ultraschallakustik.",aero_underwater_and_ultrasound_acoustics,"Aeroacoustics, underwater acoustics, and ultrasound","Aero-, Unterwasser- und Ultraschallakustik",core,active,,439513713,available,,False,False,False,main,Fortran,GPL-3.0,[],22,6,0,2021-12-18T02:54:42Z,2023-06-16T21:51:06Z,2026-04-05T19:26:05Z,2026-08-22,2026-08-25T15:30:14Z
GHIAO-0273,A-New-BellHope/bellhopcuda,A-New-BellHope/bellhopcuda,https://github.com/A-New-BellHope/bellhopcuda,https://github.com/A-New-BellHope/bellhopcuda,CUDA and C++ port of BELLHOP / BELLHOP3D underwater acoustics simulator,"Aero-, Unterwasser- oder Ultraschallakustik.",aero_underwater_and_ultrasound_acoustics,"Aeroacoustics, underwater acoustics, and ultrasound","Aero-, Unterwasser- und Ultraschallakustik",core,active,,416534338,available,,False,False,False,main,C++,GPL-3.0,"[""acoustics"",""cuda"",""hpc"",""oceanography"",""underwater-acoustics""]",128,26,12,2021-10-13T00:06:18Z,2026-04-29T19:50:41Z,2026-08-02T10:36:12Z,2026-08-22,2026-08-25T15:30:14Z
GHIAO-0274,signetlabdei/WOSS,signetlabdei/WOSS,https://github.com/signetlabdei/WOSS,https://github.com/signetlabdei/WOSS,WOSS is a framework that permits the integration of any underwater channel simulator that expects environmental data and provides a channel realization. WOSS integrates the Bellhop ray-tracing program. Thanks to its automation the user only has to specify the location in the world and the time where the simulation should take place.,"Aero-, Unterwasser- oder Ultraschallakustik.",aero_underwater_and_ultrasound_acoustics,"Aeroacoustics, underwater acoustics, and ultrasound","Aero-, Unterwasser- und Ultraschallakustik",adjacent,active,,250030512,available,https://woss.dei.unipd.it,False,False,False,master,C++,NOASSERTION,"[""bellhop"",""cmake"",""gebco"",""hdf5"",""netcdf4"",""ns-3"",""ns2"",""ns3"",""nsmiracle"",""simulation"",""underwater-acoustics"",""underwater-communications"",""woa2013"",""woss""]",23,7,0,2020-03-25T16:24:23Z,2026-08-01T20:20:48Z,2026-08-01T20:32:21Z,2026-08-22,2026-08-25T15:30:14Z
GHIAO-0275,rpl-cmu/underwater-acoustic-pseudoranging,rpl-cmu/underwater-acoustic-pseudoranging,https://github.com/rpl-cmu/underwater-acoustic-pseudoranging,https://github.com/rpl-cmu/underwater-acoustic-pseudoranging,"Code and Hardware Schematics for Underwater Acoustic Pseudoranging, presented at IROS 2022","Aero-, Unterwasser- oder Ultraschallakustik.",aero_underwater_and_ultrasound_acoustics,"Aeroacoustics, underwater acoustics, and ultrasound","Aero-, Unterwasser- und Ultraschallakustik",adjacent,active,,518246440,available,,False,False,False,main,Python,,[],9,4,0,2022-07-26T23:31:03Z,2022-10-24T12:40:24Z,2026-04-19T15:54:44Z,2026-08-22,2026-08-25T15:30:14Z
GHIAO-0276,harshini-subbiah/Energy-aware-underwater-acoustic-communication,harshini-subbiah/Energy-aware-underwater-acoustic-communication,https://github.com/harshini-subbiah/Energy-aware-underwater-acoustic-communication,https://github.com/harshini-subbiah/Energy-aware-underwater-acoustic-communication,Adaptive Underwater Acoustic Communication Simulator using Energy-Aware Transmission and BELLHOP Channel Modeling in C.,"Aero-, Unterwasser- oder Ultraschallakustik.",aero_underwater_and_ultrasound_acoustics,"Aeroacoustics, underwater acoustics, and ultrasound","Aero-, Unterwasser- und Ultraschallakustik",adjacent,active,,1282082897,available,,False,False,False,main,C,,"[""acoustic-communication"",""bellhop"",""c"",""communication"",""embedded-c"",""embedded-systems"",""energy-aware"",""network-simulation"",""signal-processing"",""simulation"",""underwater"",""underwater-acoustic""]",0,0,0,2026-06-27T09:50:27Z,2026-06-29T04:14:01Z,2026-06-29T04:14:05Z,2026-08-22,2026-08-25T15:30:14Z
GHIAO-0277,TUSX/TUSX,,https://github.com/TUSX/TUSX,,,"Aero-, Unterwasser- oder Ultraschallakustik.",aero_underwater_and_ultrasound_acoustics,"Aeroacoustics, underwater acoustics, and ultrasound","Aero-, Unterwasser- und Ultraschallakustik",adjacent,active,,,unavailable,,,,,,,,[],,,,,,,2026-08-22,2026-08-25T15:30:14Z
GHIAO-0278,OpenFAST/openfast,OpenFAST/openfast,https://github.com/OpenFAST/openfast,https://github.com/OpenFAST/openfast,Main repository for the NREL-supported OpenFAST whole-turbine and FAST.Farm wind farm simulation codes.,"Aero-, Unterwasser- oder Ultraschallakustik.",aero_underwater_and_ultrasound_acoustics,"Aeroacoustics, underwater acoustics, and ultrasound","Aero-, Unterwasser- und Ultraschallakustik",adjacent,active,,67069756,available,http://openfast.readthedocs.io,False,False,False,main,Fortran,Apache-2.0,"[""aeroelasticity"",""wind"",""wind-energy"",""wind-farm"",""wind-power"",""wind-turbine""]",955,536,565,2016-08-31T20:07:10Z,2026-08-20T01:37:20Z,2026-08-24T08:22:46Z,2026-08-22,2026-08-25T15:30:14Z
GHIAO-0279,QutEcoacoustics/audio-analysis,QutEcoacoustics/audio-analysis,https://github.com/QutEcoacoustics/audio-analysis,https://github.com/QutEcoacoustics/audio-analysis,The audio analysis code (AnalysisPrograms.exe) for the QUT Ecoacoustics Research Group,"Soundscape-, Öko- oder Bioakustik; als angrenzender Bereich markiert.",soundscape_and_bioacoustics,"Soundscape, bioacoustics, and ecoacoustics","Soundscape, Bio- und Ökoakustik",adjacent,active,,18597929,available,https://ap.qut.ecoacoustics.info/,False,False,False,master,C#,Apache-2.0,"[""acoustics"",""analysis"",""csharp"",""indices"",""recognizers"",""tests""]",55,14,106,2014-04-09T13:20:50Z,2023-09-20T11:56:32Z,2026-08-03T06:39:55Z,2026-08-22,2026-08-25T15:30:14Z
GHIAO-0280,MarineBioAcousticsRC/Triton,MarineBioAcousticsRC/Triton,https://github.com/MarineBioAcousticsRC/Triton,https://github.com/MarineBioAcousticsRC/Triton,:whale: Scripps Whale Acoustics Lab   :earth_americas: Scripps Acoustic Ecology Lab - Triton with remoras in development,"Soundscape-, Öko- oder Bioakustik; als angrenzender Bereich markiert.",soundscape_and_bioacoustics,"Soundscape, bioacoustics, and ecoacoustics","Soundscape, Bio- und Ökoakustik",adjacent,active,,167074279,available,,False,False,False,master,MATLAB,NOASSERTION,"[""acoustics"",""audio-processing"",""classification"",""detection"",""machine-learning"",""marine-species"",""mbarc"",""scripps"",""sound"",""triton"",""whale""]",61,35,31,2019-01-22T22:02:35Z,2026-08-23T21:23:21Z,2026-08-23T21:23:47Z,2026-08-22,2026-08-25T15:30:14Z
GHIAO-0281,npl16/ecoacoustic-vse-validation,npl16/ecoacoustic-vse-validation,https://github.com/npl16/ecoacoustic-vse-validation,https://github.com/npl16/ecoacoustic-vse-validation,Analysis scripts for the validation and pilot of a Virtual Sound Environment (VSE) for testing (spatial) ecoacoustic technologies.,"Soundscape-, Öko- oder Bioakustik; als angrenzender Bereich markiert.",soundscape_and_bioacoustics,"Soundscape, bioacoustics, and ecoacoustics","Soundscape, Bio- und Ökoakustik",adjacent,active,,836940470,available,,False,False,False,main,MATLAB,GPL-3.0,[],0,0,0,2024-08-01T21:59:19Z,2024-08-01T22:16:40Z,2024-08-01T22:04:36Z,2026-08-22,2026-08-25T15:30:14Z
GHIAO-0282,scikit-maad/scikit-maad,scikit-maad/scikit-maad,https://github.com/scikit-maad/scikit-maad,https://github.com/scikit-maad/scikit-maad,Open-source and modular toolbox for quantitative soundscape analysis in Python,"Soundscape-, Öko- oder Bioakustik; als angrenzender Bereich markiert.",soundscape_and_bioacoustics,"Soundscape, bioacoustics, and ecoacoustics","Soundscape, Bio- und Ökoakustik",adjacent,active,,148142520,available,https://scikit-maad.github.io/,False,False,False,production,Python,BSD-3-Clause,"[""acoustic-indices"",""bioacoustics"",""ecoacoustics"",""pattern-recognition"",""signal-processing"",""sound-pressure-level""]",135,25,10,2018-09-10T11:04:27Z,2026-05-21T14:22:19Z,2026-05-21T14:31:43Z,2026-08-22,2026-08-25T15:30:14Z
GHIAO-0283,karolpiczak/esc-50,karolpiczak/ESC-50,https://github.com/karolpiczak/esc-50,https://github.com/karolpiczak/ESC-50,ESC-50: Dataset for Environmental Sound Classification,"Soundscape-, Öko- oder Bioakustik; als angrenzender Bereich markiert.",soundscape_and_bioacoustics,"Soundscape, bioacoustics, and ecoacoustics","Soundscape, Bio- und Ökoakustik",adjacent,active,,33984438,available,,False,False,False,master,Python,NOASSERTION,"[""audio"",""dataset"",""environmental-sounds""]",1858,326,3,2015-04-15T09:14:50Z,2024-03-20T15:07:26Z,2026-08-24T05:08:53Z,2026-08-22,2026-08-25T15:30:14Z
GHIAO-0284,aschoeny333/Generalized-Power-Law-Detector,aschoeny333/Generalized-Power-Law-Detector,https://github.com/aschoeny333/Generalized-Power-Law-Detector,https://github.com/aschoeny333/Generalized-Power-Law-Detector,Software package for the detection and association of marine mammal calls in acoustic data,"Soundscape-, Öko- oder Bioakustik; als angrenzender Bereich markiert.",soundscape_and_bioacoustics,"Soundscape, bioacoustics, and ecoacoustics","Soundscape, Bio- und Ökoakustik",adjacent,active,,297504397,available,,False,False,False,master,MATLAB,,"[""acoustics"",""association"",""detection"",""marine-biology"",""marine-data"",""signal-processing""]",3,0,0,2020-09-22T01:38:15Z,2021-06-27T22:24:30Z,2025-11-03T15:03:23Z,2026-08-22,2026-08-25T15:30:14Z
GHIAO-0285,Nitnelav/awesome-acoustic,Nitnelav/awesome-acoustic,https://github.com/Nitnelav/awesome-acoustic,https://github.com/Nitnelav/awesome-acoustic,A list of awesome open-source acoustic packages and resources.,Kuratiertes Verzeichnis quelloffener Akustikpakete und Ressourcen.,meta_resources,Curated lists and meta-resources,Kuratierte Listen und Meta-Ressourcen,core,active,,850246299,available,https://nitnelav.github.io/awesome-acoustic/,False,False,False,main,JavaScript,CC0-1.0,"[""acoustic"",""acoustics"",""awesome"",""awesome-list"",""bioacoustics"",""noise-maps"",""open-source"",""room-acoustics"",""signal-processing"",""soundscape""]",136,19,5,2024-08-31T08:54:07Z,2026-08-24T12:05:35Z,2026-08-24T20:19:59Z,2026-08-22,2026-08-25T15:30:14Z
GHIAO-0286,landscape82/awesome-sound-design-resources,landscape82/awesome-sound-design-resources,https://github.com/landscape82/awesome-sound-design-resources,https://github.com/landscape82/awesome-sound-design-resources,Awesome Sound Design resources,Kuratiertes Ressourcenverzeichnis oder Community-Hub zum Themenfeld.,meta_resources,Curated lists and meta-resources,Kuratierte Listen und Meta-Ressourcen,core,active,,1008524658,available,,False,False,False,main,,NOASSERTION,"[""ableton"",""dawless"",""digital-audio-workstation"",""eurorack"",""granular-synthesis"",""john-cage"",""modular-synthesizers"",""puredata"",""sound-design"",""sound-processing"",""sound-samples"",""sound-synthesis"",""supercollider"",""vcv-rack""]",11,2,1,2025-06-25T17:17:14Z,2026-08-25T13:36:44Z,2026-08-25T13:49:10Z,2026-08-22,2026-08-25T15:30:14Z
GHIAO-0287,webprofusion/OpenAudio,webprofusion/OpenAudio,https://github.com/webprofusion/OpenAudio,https://github.com/webprofusion/OpenAudio,"A list of open source audio software projects (Apps, Plugins and Libraries). Please contribute more links or open source your own plugins.",Kuratiertes Ressourcenverzeichnis oder Community-Hub zum Themenfeld.,meta_resources,Curated lists and meta-resources,Kuratierte Listen und Meta-Ressourcen,core,active,,61190988,available,https://openaudio.webprofusion.com/,False,False,False,master,TypeScript,CC0-1.0,"[""audio-plugin"",""synths"",""vst-plugin""]",2703,142,1,2016-06-15T08:26:16Z,2026-08-13T06:13:44Z,2026-08-25T08:48:40Z,2026-08-22,2026-08-25T15:30:14Z
GHIAO-0288,RAMshades/AcousticsML,RAMshades/AcousticsML,https://github.com/RAMshades/AcousticsML,https://github.com/RAMshades/AcousticsML,Tutorial on using machine learning for acoustics. This tutorial covers a wide range of machine learning approaches for acoustic applications.,Kuratiertes Ressourcenverzeichnis oder Community-Hub zum Themenfeld.,meta_resources,Curated lists and meta-resources,Kuratierte Listen und Meta-Ressourcen,core,active,,836469984,available,,False,False,False,main,Jupyter Notebook,,"[""acoustics"",""machine-learning""]",138,23,0,2024-07-31T23:29:35Z,2026-04-17T13:15:45Z,2026-08-18T08:11:44Z,2026-08-22,2026-08-25T15:30:14Z
GHIAO-0289,DamRsn/NeuralNote,DamRsn/NeuralNote,https://github.com/DamRsn/NeuralNote,https://github.com/DamRsn/NeuralNote,Audio Plugin for Audio to MIDI transcription using deep learning.,Audio-Plugin zur automatischen Audio-zu-MIDI-Transkription mit Deep Learning.,instrument_recognition_and_datasets,"Instrument recognition, transcription, and datasets","Instrumentenerkennung, Transkription und Datensätze",core,active,,609103288,available,,False,False,False,master,C++,Apache-2.0,"[""audio"",""audio-plugin"",""juce-framework"",""machine-learning"",""midi"",""vst""]",2886,190,24,2023-03-03T11:36:02Z,2025-01-16T10:00:44Z,2026-08-24T15:34:01Z,2026-08-22,2026-08-25T15:30:14Z
GHIAO-0290,adrianSRoman/DeepWaveTorch,adrianSRoman/DeepWaveTorch,https://github.com/adrianSRoman/DeepWaveTorch,https://github.com/adrianSRoman/DeepWaveTorch,DeepWave: A Recurrent Neural-Network for Real-Time Acoustic Imaging (PyTorch implementation),System zur akustischen Echtzeit-Bildgebung mit einem rekurrenten neuronalen Netz.,general_acoustics_and_measurement,General acoustics and measurement,Allgemeine Akustik und Messung,core,active,,589801484,available,,False,False,False,master,Python,CC-BY-4.0,"[""acoustic-camera"",""acoustic-imaging"",""deep-learning"",""gnns"",""graphsignalprocessing"",""pytorch"",""pytorch-implementation"",""sound-localization""]",23,3,0,2023-01-17T00:55:53Z,2024-07-04T21:35:43Z,2026-01-05T20:59:47Z,2026-08-22,2026-08-25T15:30:14Z
GHIAO-0291,DDMAL/UMIL,DDMAL/UMIL,https://github.com/DDMAL/UMIL,https://github.com/DDMAL/UMIL,The Virtual Instrument Museum website repository,Quellcode des virtuellen Musikinstrumentenmuseums UMIL.,organology_and_instrument_knowledge,Organology and instrument knowledge,Organologie und Instrumentenwissen,core,active,,667459757,available,https://umil.linkedmusic.ca,False,False,False,develop,Python,MIT,[],4,2,124,2023-07-17T14:50:58Z,2026-06-11T00:17:44Z,2026-06-11T00:18:38Z,2026-08-22,2026-08-25T15:30:14Z
GHIAO-0292,fcaspe/dx7pytorch,fcaspe/dx7pytorch,https://github.com/fcaspe/dx7pytorch,https://github.com/fcaspe/dx7pytorch,A musical instrument audio dataset generated on-the-fly using FM synthesis.,Zur Laufzeit erzeugter Audiodatensatz von Musikinstrumenten auf Basis von FM-Synthese.,instrument_recognition_and_datasets,"Instrument recognition, transcription, and datasets","Instrumentenerkennung, Transkription und Datensätze",core,active,,287126901,available,,False,False,False,master,Jupyter Notebook,GPL-2.0,[],41,3,0,2020-08-12T22:23:35Z,2026-06-05T10:52:18Z,2026-05-03T23:24:12Z,2026-08-22,2026-08-25T15:30:14Z
GHIAO-0293,xenharmonic-devs/scale-workshop,xenharmonic-devs/scale-workshop,https://github.com/xenharmonic-devs/scale-workshop,https://github.com/xenharmonic-devs/scale-workshop,Design and visualize microtonal scales and play them in your web browser. Export your scales for use with VST instruments. Convert Scala files to various tuning formats.,"Werkzeug zum Entwerfen, Abspielen und Exportieren mikrotonaler Skalen für virtuelle Instrumente.",virtual_instruments_and_synthesis,Virtual instruments and sound synthesis,Virtuelle Instrumente und Synthese,core,active,,487453093,available,,False,False,False,main,Vue,MIT,[],118,21,196,2022-05-01T05:25:41Z,2026-07-19T08:55:56Z,2026-08-20T20:55:53Z,2026-08-22,2026-08-25T15:30:14Z
GHIAO-0294,swesterfeld/spectmorph,swesterfeld/spectmorph,https://github.com/swesterfeld/spectmorph,https://github.com/swesterfeld/spectmorph,SpectMorph: spectral audio morphing,"Software zur spektralen Analyse, Morphing und Synthese von Instrumentalklängen.",virtual_instruments_and_synthesis,Virtual instruments and sound synthesis,Virtuelle Instrumente und Synthese,core,active,,94987608,available,http://www.spectmorph.org,False,False,False,master,C++,LGPL-2.1,"[""jack"",""lv2"",""lv2-plugin"",""vst"",""vst-plugin""]",119,8,9,2017-06-21T09:33:28Z,2026-01-10T10:32:05Z,2026-08-17T15:09:20Z,2026-08-22,2026-08-25T15:30:14Z
GHIAO-0295,HuwCheston/deep-pianist-identification,HuwCheston/deep-pianist-identification,https://github.com/HuwCheston/deep-pianist-identification,https://github.com/HuwCheston/deep-pianist-identification,"Code from: ""Machine Learning of Artistic Fingerprints in Jazz""",Modelle und Daten zur Identifikation von Jazzpianistinnen und -pianisten anhand ihrer Spielweise.,instrument_recognition_and_datasets,"Instrument recognition, transcription, and datasets","Instrumentenerkennung, Transkription und Datensätze",adjacent,active,,855142897,available,https://huwcheston.github.io/ImprovID-app/index.html,False,False,False,main,Python,MIT,"[""explainable-ai"",""machine-learning"",""music"",""music-information-retrieval""]",8,0,1,2024-09-10T11:39:15Z,2026-05-22T14:08:06Z,2026-08-18T12:01:04Z,2026-08-22,2026-08-25T15:30:14Z
GHIAO-0296,pumodi/open-samples,pumodi/open-samples,https://github.com/pumodi/open-samples,https://github.com/pumodi/open-samples, A collection of samples for open source sharing. ,"Offene Sammlung spielbarer Samples von Klavieren, Streich-, Blas- und Schlaginstrumenten sowie Synthesizern.",instrument_recognition_and_datasets,"Instrument recognition, transcription, and datasets","Instrumentenerkennung, Transkription und Datensätze",core,active,,539622552,available,https://pumodi.github.io/open-samples/,False,False,False,main,,,"[""decentsampler"",""instruments"",""kontakt"",""samples"",""vst""]",91,7,11,2022-09-21T18:05:42Z,2025-12-22T22:31:22Z,2026-08-19T14:21:00Z,2026-08-22,2026-08-25T15:30:14Z
GHIAO-0297,CPJKU/asap-dataset,CPJKU/asap-dataset,https://github.com/CPJKU/asap-dataset,https://github.com/CPJKU/asap-dataset,A  dataset  of  222  digital  musical  scores aligned with 1068 performances (more than 92 hours) of Western  classical  piano  music.,(n)ASAP-Datensatz: Erweiterung des ASAP-Klavierdatensatzes um notenweise Ausrichtungen zwischen Partitur und Performance.,instrument_recognition_and_datasets,"Instrument recognition, transcription, and datasets","Instrumentenerkennung, Transkription und Datensätze",core,active,,464617915,available,,False,False,True,main,Jupyter Notebook,NOASSERTION,[],39,5,7,2022-02-28T19:34:24Z,2026-02-12T14:40:48Z,2026-07-14T07:05:12Z,2026-08-22,2026-08-25T15:30:14Z
GHIAO-0298,EleutherAI/aria-amt,EleutherAI/aria-amt,https://github.com/EleutherAI/aria-amt,https://github.com/EleutherAI/aria-amt,Efficient and robust implementation of seq-to-seq automatic piano transcription.,Modell zur automatischen Transkription von Klavieraufnahmen.,instrument_recognition_and_datasets,"Instrument recognition, transcription, and datasets","Instrumentenerkennung, Transkription und Datensätze",core,active,,756364809,available,,False,False,False,main,Python,Apache-2.0,[],71,10,0,2024-02-12T14:24:01Z,2025-12-16T10:56:40Z,2026-07-29T15:49:43Z,2026-08-22,2026-08-25T15:30:14Z
GHIAO-0299,loubbrad/aria-midi,loubbrad/aria-midi,https://github.com/loubbrad/aria-midi,https://github.com/loubbrad/aria-midi,"Official repository for Aria-MIDI: a MIDI dataset of 1,186,253 transcribed solo-piano recordings.",Großer MIDI-Datensatz mit Solo-Klavierperformances.,instrument_recognition_and_datasets,"Instrument recognition, transcription, and datasets","Instrumentenerkennung, Transkription und Datensätze",core,active,,940187881,available,https://huggingface.co/datasets/loubb/aria-midi,False,False,False,main,,NOASSERTION,"[""datasets"",""machine-learning"",""midi"",""music""]",99,4,0,2025-02-27T18:53:42Z,2025-06-19T18:17:30Z,2026-08-15T03:05:06Z,2026-08-22,2026-08-25T15:30:14Z
GHIAO-0300,csteinmetz1/NeuralReverberator,csteinmetz1/NeuralReverberator,https://github.com/csteinmetz1/NeuralReverberator,https://github.com/csteinmetz1/NeuralReverberator,Reverb synthesis via a spectral autoencoder,Neuronales Modell zur Synthese von Nachhall.,room_and_virtual_acoustics,Room and virtual acoustics,Raum- und virtuelle Akustik,core,active,,139662332,available,https://www.christiansteinmetz.com/projects-blog/neuralreverberator,False,False,False,master,Python,BSD-3-Clause,[],90,10,6,2018-07-04T03:09:14Z,2022-09-30T18:28:17Z,2026-03-11T08:37:35Z,2026-08-22,2026-08-25T15:30:14Z
GHIAO-0301,erl-j/neural-instrument-cloning,erl-j/neural-instrument-cloning,https://github.com/erl-j/neural-instrument-cloning,https://github.com/erl-j/neural-instrument-cloning,In this project we combine techniques from neural voice cloning and musical instrument synthesis to achieve good results from as little as 16 seconds of target data.,Neuronales Verfahren zum Klonen und Synthetisieren von Musikinstrumentenklängen.,virtual_instruments_and_synthesis,Virtual instruments and sound synthesis,Virtuelle Instrumente und Synthese,core,active,,407695130,available,,False,False,False,main,Jupyter Notebook,Apache-2.0,"[""ddsp"",""flute"",""instrument"",""music"",""saxophone"",""synthesis""]",171,11,3,2021-09-17T22:30:13Z,2022-04-20T19:17:42Z,2026-08-10T23:27:39Z,2026-08-22,2026-08-25T15:30:14Z
GHIAO-0302,erl-j/soundfont-generator,erl-j/soundfont-generator,https://github.com/erl-j/soundfont-generator,https://github.com/erl-j/soundfont-generator,Generate soundfonts with latent flow matching ,Generator für SoundFonts auf Basis von latentem Flow Matching.,virtual_instruments_and_synthesis,Virtual instruments and sound synthesis,Virtuelle Instrumente und Synthese,core,active,,901048334,available,https://huggingface.co/spaces/erl-j/soundfont-generator,False,False,False,main,Python,,"[""machine-learning"",""soundfonts""]",8,0,0,2024-12-10T00:17:04Z,2025-01-07T21:44:11Z,2025-05-27T13:07:18Z,2026-08-22,2026-08-25T15:30:14Z
GHIAO-0303,fcaspe/BRAVE,fcaspe/BRAVE,https://github.com/fcaspe/BRAVE,https://github.com/fcaspe/BRAVE,Low-latency timbre transfer models for instrumental interaction.,Niedriglatentes Timbre-Transfer-System für die Interaktion mit Musikinstrumenten.,virtual_instruments_and_synthesis,Virtual instruments and sound synthesis,Virtuelle Instrumente und Synthese,core,active,,914342502,available,https://fcaspe.github.io/brave,False,False,False,main,Python,NOASSERTION,[],112,8,0,2025-01-09T12:10:42Z,2025-10-10T13:42:57Z,2026-08-09T00:40:28Z,2026-08-22,2026-08-25T15:30:14Z
GHIAO-0304,lrenault/ddsp-piano,lrenault/ddsp-piano,https://github.com/lrenault/ddsp-piano,https://github.com/lrenault/ddsp-piano,MIDI Piano synthesizer using DDSP.,MIDI-gesteuerter Klaviersynthesizer auf Basis differenzierbarer digitaler Signalverarbeitung.,virtual_instruments_and_synthesis,Virtual instruments and sound synthesis,Virtuelle Instrumente und Synthese,core,active,,497969416,available,,False,False,False,main,Python,Apache-2.0,"[""ai"",""audio"",""ddsp"",""deep-learning"",""midi"",""neural-network"",""piano"",""synthesizer""]",99,6,1,2022-05-30T14:06:52Z,2024-05-24T10:49:45Z,2026-07-16T08:15:49Z,2026-08-22,2026-08-25T15:30:14Z
GHIAO-0305,tesserato/PianoForte,tesserato/PianoForte,https://github.com/tesserato/PianoForte,https://github.com/tesserato/PianoForte,Piano Forte Audio Plugin,Audio-Plugin zur virtuellen Klavierklangerzeugung.,virtual_instruments_and_synthesis,Virtual instruments and sound synthesis,Virtuelle Instrumente und Synthese,core,active,,613829270,available,https://omnessonos.web.app/,False,False,False,main,C++,MIT,"[""ai"",""cpp"",""digital-signal-processing"",""free"",""juce"",""music"",""neural-networks"",""sound-synthesis""]",122,3,1,2023-03-14T11:00:47Z,2024-06-10T02:57:17Z,2026-08-05T11:53:21Z,2026-08-22,2026-08-25T15:30:14Z
GHIAO-0306,anton-jeran/FAST-RIR,anton-jeran/FAST-RIR,https://github.com/anton-jeran/FAST-RIR,https://github.com/anton-jeran/FAST-RIR,This is the official implementation of our neural-network-based fast diffuse room impulse response generator (FAST-RIR)  for generating room impulse responses (RIRs) for a given acoustic environment.,Neuronaler Generator für Raumimpulsantworten.,room_and_virtual_acoustics,Room and virtual acoustics,Raum- und virtuelle Akustik,core,active,,412048587,available,https://anton-jeran.github.io/FRIR/,False,False,False,main,Python,AGPL-3.0,"[""acoustics"",""augmentation"",""automatic-speech-recognition"",""conditional-generation"",""deep-learning"",""diffuse-scattering"",""generative-adversarial-network"",""implicit-neural-representation"",""impulse-response"",""neural-network"",""rir"",""room-impulse-response"",""speech"",""synthetic-data""]",183,32,1,2021-09-30T12:05:49Z,2026-03-19T13:55:43Z,2026-08-13T10:44:34Z,2026-08-22,2026-08-25T15:30:14Z
GHIAO-0307,SabinT/musicbox-svg,SabinT/musicbox-svg,https://github.com/SabinT/musicbox-svg,https://github.com/SabinT/musicbox-svg,Converts MIDI files to SVG in the format of music box paper tape,Konverter von MIDI-Dateien zu Papierstreifen-Vorlagen für mechanische Spieluhren.,instrument_design_and_hardware,"Instrument design, hardware, and augmented instruments","Instrumentendesign, Hardware und augmentierte Instrumente",core,active,,249325301,available,,False,False,False,master,TypeScript,GPL-3.0,[],13,1,11,2020-03-23T03:17:41Z,2023-03-07T00:24:40Z,2025-05-16T17:36:05Z,2026-08-22,2026-08-25T15:30:14Z
GHIAO-0308,Samsung/iac,Samsung/iac,https://github.com/Samsung/iac,https://github.com/Samsung/iac,"This project relates to the pre-processing and/or post-processing of the decoded audio samples to produce an immersive 3D rendering, and is independent of the audio codec used.",Software zur immersiven Wiedergabe dreidimensionaler Audioszenen.,spatial_audio_and_auralization,Spatial audio and auralization,Räumliches Audio und Auralisierung,core,active,,490098349,available,,False,False,False,main,C,BSD-3-Clause-Clear,[],13,5,6,2022-05-09T01:33:25Z,2023-10-13T08:23:41Z,2026-07-14T13:58:28Z,2026-08-22,2026-08-25T15:30:14Z
GHIAO-0309,Alia-morsi/piano-synmist,Alia-morsi/piano-synmist,https://github.com/Alia-morsi/piano-synmist,https://github.com/Alia-morsi/piano-synmist,,Datensatz und Werkzeuge für synthetisch erzeugte Fehler in Klavierperformances.,instrument_recognition_and_datasets,"Instrument recognition, transcription, and datasets","Instrumentenerkennung, Transkription und Datensätze",core,active,,721614291,available,,False,False,False,master,Jupyter Notebook,NOASSERTION,[],15,3,8,2023-11-21T12:26:52Z,2026-05-10T14:18:12Z,2026-06-06T18:01:45Z,2026-08-22,2026-08-25T15:30:14Z
GHIAO-0310,Jovie-Liu/Expressive-Piano-MIDI-Generation,Jovie-Liu/Expressive-Piano-MIDI-Generation,https://github.com/Jovie-Liu/Expressive-Piano-MIDI-Generation,https://github.com/Jovie-Liu/Expressive-Piano-MIDI-Generation,,Modell zur Erzeugung expressiver Klavier-MIDI-Performances.,virtual_instruments_and_synthesis,Virtual instruments and sound synthesis,Virtuelle Instrumente und Synthese,adjacent,active,,905472574,available,,False,False,False,main,Jupyter Notebook,,[],5,0,0,2024-12-18T22:39:21Z,2026-04-01T21:05:52Z,2026-04-01T21:05:56Z,2026-08-22,2026-08-25T15:30:14Z
GHIAO-0311,violet-liang/soundfield-reconstruction-np,violet-liang/soundfield-reconstruction-np,https://github.com/violet-liang/soundfield-reconstruction-np,https://github.com/violet-liang/soundfield-reconstruction-np,Sound field reconstruction using neural processes with dynamic kernels,Rekonstruktion von Schallfeldern mit neuronalen Prozessen.,spatial_audio_and_auralization,Spatial audio and auralization,Räumliches Audio und Auralisierung,core,active,,894474586,available,,False,False,False,main,MATLAB,,[],16,0,0,2024-11-26T12:22:22Z,2025-03-25T15:58:15Z,2026-03-04T11:04:18Z,2026-08-22,2026-08-25T15:30:14Z
GHIAO-0312,jameshball/osci-render,jameshball/osci-render,https://github.com/jameshball/osci-render,https://github.com/jameshball/osci-render,〰📺🔊 Synthesiser audio plugin for making music by drawing objects on an oscilloscope using audio.,"Audio-Plugin, das Oszilloskopzeichnungen durch Klangsynthese erzeugt.",virtual_instruments_and_synthesis,Virtual instruments and sound synthesis,Virtuelle Instrumente und Synthese,core,active,,235408465,available,https://osci-render.com/,False,False,False,main,C++,GPL-3.0,"[""audio"",""audio-plugin"",""blender"",""midi"",""music"",""oscilloscope"",""rendering"",""synthesizer""]",722,45,21,2020-01-21T18:07:05Z,2026-08-23T20:17:21Z,2026-08-25T06:54:57Z,2026-08-22,2026-08-25T15:30:14Z
GHIAO-0313,FrancoisGrondin/BIRD,FrancoisGrondin/BIRD,https://github.com/FrancoisGrondin/BIRD,https://github.com/FrancoisGrondin/BIRD,Big Impulse Response Dataset,Umfangreicher Datensatz gemessener Impulsantworten.,room_and_virtual_acoustics,Room and virtual acoustics,Raum- und virtuelle Akustik,core,active,,289985940,available,,False,False,False,master,Python,GPL-3.0,[],158,15,1,2020-08-24T16:51:22Z,2022-10-19T03:46:54Z,2026-08-20T21:06:05Z,2026-08-22,2026-08-25T15:30:14Z
GHIAO-0314,giulioz/rdpiano,giulioz/rdpiano,https://github.com/giulioz/rdpiano,https://github.com/giulioz/rdpiano,🎹 Low-level emulator for SA-synthesis pianos plugin,Klavieremulation als Plugin auf Basis spektraler beziehungsweise SA-Synthese.,virtual_instruments_and_synthesis,Virtual instruments and sound synthesis,Virtuelle Instrumente und Synthese,core,active,,871795553,available,,False,False,False,main,Verilog,GPL-3.0,[],296,14,19,2024-10-13T00:41:25Z,2026-04-06T04:26:38Z,2026-08-24T22:50:09Z,2026-08-22,2026-08-25T15:30:14Z
GHIAO-0315,tobanteAudio/RaumAkustik,tobanteAudio/RaumAkustik,https://github.com/tobanteAudio/RaumAkustik,https://github.com/tobanteAudio/RaumAkustik,,Softwareprojekt zur Berechnung und Analyse raumakustischer Eigenschaften.,room_and_virtual_acoustics,Room and virtual acoustics,Raum- und virtuelle Akustik,core,active,,463356193,available,,False,False,False,main,C++,BSL-1.0,[],2,0,0,2022-02-25T01:25:33Z,2024-07-03T11:36:30Z,2025-01-16T05:53:00Z,2026-08-22,2026-08-25T15:30:14Z
GHIAO-0316,ideoforms/signalflow,ideoforms/signalflow,https://github.com/ideoforms/signalflow,https://github.com/ideoforms/signalflow,"A sound synthesis framework for Python, designed for clear and concise expression of musical ideas",Python-Framework für Audiosignalverarbeitung und Klangsynthese.,virtual_instruments_and_synthesis,Virtual instruments and sound synthesis,Virtuelle Instrumente und Synthese,adjacent,active,,45701710,available,https://signalflow.dev,False,False,False,master,C++,NOASSERTION,"[""audio"",""composition"",""cpp"",""dsp"",""music"",""python"",""sound"",""sound-synthesis"",""synthesis""]",255,19,32,2015-11-06T19:10:15Z,2026-05-04T21:05:19Z,2026-08-16T07:03:26Z,2026-08-22,2026-08-25T15:30:14Z
GHIAO-0317,iwalton3/AutoEq,iwalton3/AutoEq,https://github.com/iwalton3/AutoEq,https://github.com/iwalton3/AutoEq,Automatic headphone equalization from frequency responses,Automatische Kopfhörerentzerrung anhand gemessener Frequenzgänge.,psychoacoustics_and_sound_quality,Psychoacoustics and sound quality,Psychoakustik und Sound Quality,core,active,,467699797,available,,False,False,True,master,,MIT,[],162,28,0,2022-03-08T22:45:49Z,2022-12-10T23:15:34Z,2026-07-15T04:36:53Z,2026-08-22,2026-08-25T15:30:14Z
GHIAO-0318,chiaccona/VDX7,chiaccona/VDX7,https://github.com/chiaccona/VDX7,https://github.com/chiaccona/VDX7,Bit-accurate DX7 synthesizer emulation,Bitgenaue Emulation des Yamaha-DX7-FM-Synthesizers.,virtual_instruments_and_synthesis,Virtual instruments and sound synthesis,Virtuelle Instrumente und Synthese,core,active,,660257456,available,,False,False,False,main,C++,GPL-3.0,"[""dx7"",""music"",""synthesizer""]",71,5,4,2023-06-29T15:37:24Z,2026-01-19T16:50:27Z,2026-08-20T19:25:28Z,2026-08-22,2026-08-25T15:30:14Z
GHIAO-0319,schweizerweb/icst-ambisonics-plugins,schweizerweb/icst-ambisonics-plugins,https://github.com/schweizerweb/icst-ambisonics-plugins,https://github.com/schweizerweb/icst-ambisonics-plugins,,"Plugin-Sammlung für Ambisonics-Aufnahme, -Bearbeitung und -Wiedergabe.",spatial_audio_and_auralization,Spatial audio and auralization,Räumliches Audio und Auralisierung,core,active,,622507451,available,,False,False,False,main,C++,GPL-3.0,[],25,1,5,2023-04-02T10:23:47Z,2026-08-07T15:26:24Z,2026-08-21T07:33:16Z,2026-08-22,2026-08-25T15:30:14Z
GHIAO-0320,groupmm/libf0,groupmm/libf0,https://github.com/groupmm/libf0,https://github.com/groupmm/libf0,A Python Library for Fundamental Frequency Estimation in Music Recordings,Python-Bibliothek zur Schätzung der Grundfrequenz in Musikaufnahmen.,general_acoustics_and_measurement,General acoustics and measurement,Allgemeine Akustik und Messung,core,active,,516666238,available,https://groupmm.github.io/libf0,False,False,False,main,Python,NOASSERTION,"[""audio"",""f0-estimation"",""melodia"",""mir"",""pyin"",""python"",""swipe"",""yin""]",55,8,5,2022-07-22T08:12:14Z,2026-06-05T10:52:43Z,2026-07-17T17:13:48Z,2026-08-22,2026-08-25T15:30:14Z
GHIAO-0321,davidmarttila/pysdt,davidmarttila/pysdt,https://github.com/davidmarttila/pysdt,https://github.com/davidmarttila/pysdt,A thin Python wrapper around the Sound Design Toolkit,Python-Anbindung für das Sound Design Toolkit mit physikalischen Klangmodellen.,virtual_instruments_and_synthesis,Virtual instruments and sound synthesis,Virtuelle Instrumente und Synthese,adjacent,active,,906477267,available,,False,False,False,main,C++,NOASSERTION,[],6,0,1,2024-12-21T02:38:27Z,2025-04-28T03:55:34Z,2026-03-03T20:43:23Z,2026-08-22,2026-08-25T15:30:14Z
GHIAO-0322,jongwook/onsets-and-frames,jongwook/onsets-and-frames,https://github.com/jongwook/onsets-and-frames,https://github.com/jongwook/onsets-and-frames,A Pytorch implementation of Onsets and Frames (Hawthorne 2018),Referenzimplementierung zur automatischen Klaviertranskription mit Onset- und Frame-Modellen.,instrument_recognition_and_datasets,"Instrument recognition, transcription, and datasets","Instrumentenerkennung, Transkription und Datensätze",core,active,,160495328,available,,False,False,False,master,Python,MIT,[],246,79,17,2018-12-05T09:42:21Z,2024-02-26T05:20:01Z,2026-08-25T13:44:01Z,2026-08-22,2026-08-25T15:30:14Z
GHIAO-0323,pozalabs/MID-FiLD,pozalabs/MID-FiLD,https://github.com/pozalabs/MID-FiLD,https://github.com/pozalabs/MID-FiLD,[AAAI'24] Official dataset & demo code for MID-FiLD: MIDI Dataset for Fine-Level Dynamics,MIDI-Datensatz mit fein aufgelösten Dynamikangaben musikalischer Performances.,instrument_recognition_and_datasets,"Instrument recognition, transcription, and datasets","Instrumentenerkennung, Transkription und Datensätze",adjacent,active,,750633501,available,,False,False,False,main,,MIT,[],21,0,0,2024-01-31T02:21:41Z,2024-03-31T23:28:08Z,2026-06-08T02:00:54Z,2026-08-22,2026-08-25T15:30:14Z
GHIAO-0324,marl/SpatialScaper,marl/SpatialScaper,https://github.com/marl/SpatialScaper,https://github.com/marl/SpatialScaper,,Werkzeug zur Erzeugung räumlicher Audioszenen und entsprechender Datensätze.,spatial_audio_and_auralization,Spatial audio and auralization,Räumliches Audio und Auralisierung,core,active,,639111984,available,,False,False,False,main,Jupyter Notebook,CC-BY-4.0,[],77,9,22,2023-05-10T19:36:01Z,2025-08-07T16:00:56Z,2026-08-11T08:21:00Z,2026-08-22,2026-08-25T15:30:14Z
GHIAO-0325,ahogg/HRTF-upsampling-with-a-generative-adversarial-network-using-a-gnomonic-equiangular-projection,ahogg/HRTF-upsampling-with-a-generative-adversarial-network-using-a-gnomonic-equiangular-projection,https://github.com/ahogg/HRTF-upsampling-with-a-generative-adversarial-network-using-a-gnomonic-equiangular-projection,https://github.com/ahogg/HRTF-upsampling-with-a-generative-adversarial-network-using-a-gnomonic-equiangular-projection,,Verfahren zur räumlichen Hochskalierung von HRTF-Daten mit generativen adversarialen Netzen.,spatial_audio_and_auralization,Spatial audio and auralization,Räumliches Audio und Auralisierung,core,active,,602598863,available,,False,False,False,main,Python,,[],12,3,0,2023-02-16T14:53:09Z,2024-11-01T09:24:43Z,2026-02-08T16:38:47Z,2026-08-22,2026-08-25T15:30:14Z
GHIAO-0326,facebookresearch/BinauralSDM,facebookresearch/BinauralSDM,https://github.com/facebookresearch/BinauralSDM,https://github.com/facebookresearch/BinauralSDM,"This repository contains a set of tools to render Binaural Room Impulse Responses (BRIR) using the Spatial Decomposition Method (SDM).The implementation features a series of improvements presented in Amengual et al. 2020, such as quantization of the direction of arrival (DOA) estimates to improve the spectral properties of the rendered BRIRs, or RTMod and RTMod+AP equalization for the late reverberation.The repository also contains the necessary files to 3D print an array holder of optimized topology for the estimation of DOA information.",Binaurale Wiedergabe von Raumimpulsantworten mit der Spatial Decomposition Method.,spatial_audio_and_auralization,Spatial audio and auralization,Räumliches Audio und Auralisierung,core,active,,294768203,available,,False,False,False,main,MATLAB,CC-BY-4.0,[],71,10,4,2020-09-11T17:49:16Z,2026-03-24T21:46:18Z,2026-07-17T08:08:45Z,2026-08-22,2026-08-25T15:30:14Z
GHIAO-0327,faroit/awesome-python-scientific-audio,faroit/awesome-python-scientific-audio,https://github.com/faroit/awesome-python-scientific-audio,https://github.com/faroit/awesome-python-scientific-audio, Curated list of python software and packages related to scientific research in audio,Kuratierte Übersicht wissenschaftlicher Audio-Software im Python-Ökosystem.,meta_resources,Curated lists and meta-resources,Kuratierte Listen und Meta-Ressourcen,adjacent,active,,74242520,available,,False,False,False,master,,,"[""audio"",""awesome-list"",""python""]",1707,185,35,2016-11-19T23:47:24Z,2026-06-11T16:45:13Z,2026-08-20T20:41:16Z,2026-08-22,2026-08-25T15:30:14Z
GHIAO-0328,caiannello/WAV2VGM,caiannello/WAV2VGM,https://github.com/caiannello/WAV2VGM,https://github.com/caiannello/WAV2VGM,Uses spectral analysis to convert sounds/music from WAV format into VGM format suitable for an OPL3 synthesizer.,Rekonstruiert WAV-Signale mittels Spektralanalyse als OPL3-Synthese im VGM-Format.,virtual_instruments_and_synthesis,Virtual instruments and sound synthesis,Virtuelle Instrumente und Synthese,adjacent,active,,883945463,available,,False,False,False,main,Python,MIT,[],30,1,2,2024-11-05T21:21:13Z,2024-12-08T01:45:26Z,2026-03-09T10:51:48Z,2026-08-22,2026-08-25T15:30:14Z
GHIAO-0329,aeiouaeiouaeiouaeiouaeiouaeiou/samplebrain,aeiouaeiouaeiouaeiouaeiouaeiou/samplebrain,https://github.com/aeiouaeiouaeiouaeiouaeiouaeiou/samplebrain,https://github.com/aeiouaeiouaeiouaeiouaeiouaeiou/samplebrain,(GitHub mirror) A custom sample mashing app designed by Aphex Twin.,Experimentelle Sample-Mashing-Anwendung zur klanglichen Rekombination von Audiomaterial.,virtual_instruments_and_synthesis,Virtual instruments and sound synthesis,Virtuelle Instrumente und Synthese,adjacent,active,,542116819,available,,False,False,False,old,C++,GPL-2.0,"[""aphextwin"",""art"",""design"",""samplebrain"",""sound""]",146,12,0,2022-09-27T14:04:53Z,2025-11-23T00:58:22Z,2026-08-17T00:46:48Z,2026-08-22,2026-08-25T15:30:14Z
GHIAO-0330,whojavumusic/HARP,whojavumusic/HARP,https://github.com/whojavumusic/HARP,https://github.com/whojavumusic/HARP,HARP: A Large-Scale Higher-Order Ambisonic Room Impulse Response Dataset,Datensatz höherordentlicher ambisonischer Raumimpulsantworten.,spatial_audio_and_auralization,Spatial audio and auralization,Räumliches Audio und Auralisierung,core,active,,892130496,available,,False,False,False,main,Python,,[],35,3,0,2024-11-21T15:04:02Z,2025-06-03T08:58:27Z,2026-05-08T05:12:50Z,2026-08-22,2026-08-25T15:30:14Z
GHIAO-0331,grame-cncm/faust,grame-cncm/faust,https://github.com/grame-cncm/faust,https://github.com/grame-cncm/faust,Functional programming language for signal processing and sound synthesis,Programmiersprache und Compiler für digitale Signalverarbeitung und Klangsynthese.,virtual_instruments_and_synthesis,Virtual instruments and sound synthesis,Virtuelle Instrumente und Synthese,adjacent,active,,72926839,available,http://faust.grame.fr,False,False,False,master-dev,C++,NOASSERTION,"[""audio"",""c"",""c-plus-plus"",""cmajor"",""compiler"",""cpp"",""csharp"",""dlang"",""dsp"",""faust"",""functional-programming"",""jax"",""jsfx"",""julia"",""julia-language"",""llvm"",""rnbo"",""rust"",""wasm""]",3136,424,243,2016-11-05T13:09:11Z,2026-08-25T14:26:43Z,2026-08-25T14:52:57Z,2026-08-22,2026-08-25T15:30:14Z
GHIAO-0332,facebookresearch/sound-spaces,facebookresearch/sound-spaces,https://github.com/facebookresearch/sound-spaces,https://github.com/facebookresearch/sound-spaces,A first-of-its-kind acoustic simulation platform for audio-visual embodied AI research. It supports training and evaluating multiple tasks and applications.,Plattform zur akustischen Simulation von Innenräumen für verkörperte KI.,room_and_virtual_acoustics,Room and virtual acoustics,Raum- und virtuelle Akustik,core,active,,282289621,available,https://soundspaces.org,True,False,False,main,Python,CC-BY-4.0,[],470,74,56,2020-07-24T18:25:25Z,2023-09-29T03:24:35Z,2026-08-13T06:05:24Z,2026-08-22,2026-08-25T15:30:14Z
GHIAO-0333,EleutherAI/aria,EleutherAI/aria,https://github.com/EleutherAI/aria,https://github.com/EleutherAI/aria,Official repository for the paper: Scaling Self-Supervised Representation Learning for Symbolic Piano Performance (ISMIR 2025),Modelle und Repräsentationen für maschinelles Lernen mit Klavierperformances.,instrument_recognition_and_datasets,"Instrument recognition, transcription, and datasets","Instrumentenerkennung, Transkription und Datensätze",adjacent,active,,642937730,available,,False,False,False,main,Python,Apache-2.0,[],110,18,0,2023-05-19T17:34:59Z,2026-05-12T22:58:40Z,2026-08-14T18:30:44Z,2026-08-22,2026-08-25T15:30:14Z
GHIAO-0334,Hayeonbang/PIAST,Hayeonbang/PIAST,https://github.com/Hayeonbang/PIAST,https://github.com/Hayeonbang/PIAST,"A piano music dataset with Audio, Symbolic and Text labels","Multimodaler Datensatz aus Klavieraudio, symbolischen Noteninformationen und Text.",instrument_recognition_and_datasets,"Instrument recognition, transcription, and datasets","Instrumentenerkennung, Transkription und Datensätze",core,active,,863570072,available,,False,False,False,main,Python,,[],36,0,0,2024-09-26T14:18:25Z,2025-03-06T10:14:29Z,2026-07-15T04:27:29Z,2026-08-22,2026-08-25T15:30:14Z
GHIAO-0335,facebookresearch/real-acoustic-fields,facebookresearch/real-acoustic-fields,https://github.com/facebookresearch/real-acoustic-fields,https://github.com/facebookresearch/real-acoustic-fields,Real Acoustic Fields An Audio-Visual Room Acoustics Dataset and Benchmark,Audiovisueller Datensatz und Benchmark zur Rekonstruktion realer Raumakustik.,room_and_virtual_acoustics,Room and virtual acoustics,Raum- und virtuelle Akustik,core,active,,770555945,available,,False,False,False,main,,NOASSERTION,[],64,2,1,2024-03-11T18:50:59Z,2024-08-29T18:18:40Z,2026-07-03T02:12:13Z,2026-08-22,2026-08-25T15:30:14Z
GHIAO-0336,penn-waves-lab/AcoustiX,penn-waves-lab/AcoustiX,https://github.com/penn-waves-lab/AcoustiX,https://github.com/penn-waves-lab/AcoustiX,[NeurIPS'24 splotlight] Official Repo for AcoustiX used in Acoustic volume rendering for neural impulse response fields.,Akustischer Raytracing-Simulator für Schallausbreitung und Impulsantworten in 3D-Szenen.,room_and_virtual_acoustics,Room and virtual acoustics,Raum- und virtuelle Akustik,core,active,,900497961,available,https://zitonglan.github.io/project/avr/avr.html,False,False,False,main,Python,MIT,"[""acoustics"",""pytorch"",""ray-tracing"",""simulator""]",37,6,0,2024-12-08T22:59:00Z,2025-12-15T15:58:33Z,2026-01-20T02:34:03Z,2026-08-22,2026-08-25T15:30:14Z
GHIAO-0337,penn-waves-lab/AVR,penn-waves-lab/AVR,https://github.com/penn-waves-lab/AVR,https://github.com/penn-waves-lab/AVR,"[Neurips'24 and 25] ""Acoustic Volume Rendering for Neural Impulse Response Fields"" and ""Resounding Acoustic Fields With Reciprocity""",Neuronales System zur Rekonstruktion und Wiedergabe räumlicher akustischer Felder.,room_and_virtual_acoustics,Room and virtual acoustics,Raum- und virtuelle Akustik,core,active,,899297493,available,https://zitonglan.github.io/project/avr/avr.html,False,False,False,main,Python,,"[""acoustics"",""impulse-response"",""neural-fields"",""pytorch""]",82,10,1,2024-12-06T01:36:26Z,2025-12-18T16:37:01Z,2026-07-10T06:43:55Z,2026-08-22,2026-08-25T15:30:14Z
GHIAO-0338,SonyResearch/Fx-Encoder_PlusPlus,SonyResearch/Fx-Encoder_PlusPlus,https://github.com/SonyResearch/Fx-Encoder_PlusPlus,https://github.com/SonyResearch/Fx-Encoder_PlusPlus," ""Fx-Encoder++: Extracting Instrument-wise Audio Effect Representations from Mixtures""",Modell zur instrumentenbezogenen Repräsentation von Audioeffekten.,instrument_recognition_and_datasets,"Instrument recognition, transcription, and datasets","Instrumentenerkennung, Transkription und Datensätze",adjacent,active,,1000591970,available,,False,False,False,main,Python,NOASSERTION,[],54,1,0,2025-06-12T03:04:06Z,2025-08-23T02:11:56Z,2026-08-03T03:45:45Z,2026-08-22,2026-08-25T15:30:14Z
GHIAO-0339,fcaspe/ddx7,fcaspe/ddx7,https://github.com/fcaspe/ddx7,https://github.com/fcaspe/ddx7,Differentiable FM Synthesis of Musical Instrument Sounds,Differenzierbare FM-Synthese von Musikinstrumentenklängen nach dem DX7-Prinzip.,virtual_instruments_and_synthesis,Virtual instruments and sound synthesis,Virtuelle Instrumente und Synthese,core,active,,523430694,available,,False,False,False,main,Python,Apache-2.0,[],147,8,0,2022-08-10T17:10:02Z,2022-08-15T08:15:03Z,2026-06-09T12:33:58Z,2026-08-22,2026-08-25T15:30:14Z
GHIAO-0340,facebookresearch/Paraspax,facebookresearch/Paraspax,https://github.com/facebookresearch/Paraspax,https://github.com/facebookresearch/Paraspax,This repository contains code for the generation of binaural Room Impulse Responses using the Paraspax method and implementing a 6 DoF environment using optical tracking.,Datensatz binauraler Raumimpulsantworten und Verfahren für sechsfreiheitige Wiedergabe.,spatial_audio_and_auralization,Spatial audio and auralization,Räumliches Audio und Auralisierung,core,active,,338464377,available,,False,False,False,main,MATLAB,CC-BY-4.0,[],31,3,0,2021-02-13T00:19:28Z,2024-11-20T12:25:55Z,2025-09-23T14:20:11Z,2026-08-22,2026-08-25T15:30:14Z
GHIAO-0341,merlresearch/neural-IIR-field,merlresearch/neural-IIR-field,https://github.com/merlresearch/neural-IIR-field,https://github.com/merlresearch/neural-IIR-field,Neural IIR Filter Field for HRTF Upsampling and Personalization,Neuronales IIR-Feld zur HRTF-Hochskalierung und Personalisierung.,spatial_audio_and_auralization,Spatial audio and auralization,Räumliches Audio und Auralisierung,core,active,,763662986,available,,False,False,False,main,Python,AGPL-3.0,[],29,3,0,2024-02-26T17:45:43Z,2024-02-26T17:45:45Z,2026-07-20T01:27:41Z,2026-08-22,2026-08-25T15:30:14Z
GHIAO-0342,sevagh/pitch-detection,sevagh/pitch-detection,https://github.com/sevagh/pitch-detection,https://github.com/sevagh/pitch-detection,autocorrelation-based O(NlogN) pitch detection,C++-Implementierungen mehrerer Tonhöhenerkennungsverfahren mit Tests an Instrumentaufnahmen.,general_acoustics_and_measurement,General acoustics and measurement,Allgemeine Akustik und Messung,core,active,,34692899,available,,False,False,False,master,C++,MIT,"[""autocorrelation"",""dsp"",""fft"",""mpm"",""pitch-detection"",""pitch-estimation"",""pitch-tracking"",""pyin"",""yin""]",658,75,2,2015-04-27T21:44:44Z,2025-01-07T16:40:21Z,2026-08-23T16:04:00Z,2026-08-22,2026-08-25T15:30:14Z
GHIAO-0343,tiianhk/timbremetrics,tiianhk/timbremetrics,https://github.com/tiianhk/timbremetrics,https://github.com/tiianhk/timbremetrics,Metrics to test the alignment between audio models and human timbre perception,"Metriken für Klangfarbenunterschiede, die an menschlicher Wahrnehmung ausgerichtet sind.",psychoacoustics_and_sound_quality,Psychoacoustics and sound quality,Psychoakustik und Sound Quality,core,active,,944492889,available,,False,False,False,main,Python,,[],11,1,0,2025-03-07T12:49:22Z,2025-03-26T04:03:32Z,2026-07-20T21:32:52Z,2026-08-22,2026-08-25T15:30:14Z
GHIAO-0344,EtienneTho/musical-timbre-studies,EtienneTho/musical-timbre-studies,https://github.com/EtienneTho/musical-timbre-studies,https://github.com/EtienneTho/musical-timbre-studies,,Code und Daten für Studien zur menschlichen Wahrnehmung musikalischer Klangfarben.,psychoacoustics_and_sound_quality,Psychoacoustics and sound quality,Psychoakustik und Sound Quality,core,active,,295506535,available,,False,False,False,master,Python,,[],11,1,0,2020-09-14T18:38:46Z,2020-11-29T17:14:05Z,2026-05-01T14:37:02Z,2026-08-22,2026-08-25T15:30:14Z
GHIAO-0345,IN03X/Boundary-Element-Method,IN03X/Boundary-Element-Method,https://github.com/IN03X/Boundary-Element-Method,https://github.com/IN03X/Boundary-Element-Method,,Boundary-Element-Verfahren zur Berechnung von Schalldruck und Teilchengeschwindigkeit.,physical_and_computational_acoustics,Physical and computational acoustics,Physikalische und numerische Akustik,core,active,,1009389492,available,,False,False,False,main,Python,MIT,[],5,0,0,2025-06-27T03:56:06Z,2025-10-27T12:41:19Z,2025-10-27T12:41:23Z,2026-08-22,2026-08-25T15:30:14Z
GHIAO-0346,AppleHolic/neural_pitch_swipe,AppleHolic/neural_pitch_swipe,https://github.com/AppleHolic/neural_pitch_swipe,https://github.com/AppleHolic/neural_pitch_swipe,Make an simple pytorch module to approximate pitch. reference (https://pysptk.readthedocs.io/en/latest/generated/pysptk.sptk.swipe.html),PyTorch-Modul zur neuronalen Approximation der Tonhöhe nach dem SWIPE-Verfahren.,general_acoustics_and_measurement,General acoustics and measurement,Allgemeine Akustik und Messung,adjacent,active,,313635139,available,,False,False,False,main,Python,MIT,[],1,0,0,2020-11-17T13:53:36Z,2020-11-18T04:44:45Z,2025-07-21T05:49:23Z,2026-08-22,2026-08-25T15:30:14Z
GHIAO-0347,interactiveaudiolab/penn,interactiveaudiolab/penn,https://github.com/interactiveaudiolab/penn,https://github.com/interactiveaudiolab/penn,Pitch Estimating Neural Networks (PENN),Neuronale Modelle zur Schätzung von Tonhöhe und Periodizität in Audiosignalen.,general_acoustics_and_measurement,General acoustics and measurement,Allgemeine Akustik und Messung,adjacent,active,,328298062,available,,False,False,False,master,Python,MIT,"[""frequency"",""music"",""periodicity"",""pitch"",""speech"",""voicing""]",280,26,1,2021-01-10T03:50:25Z,2025-04-02T17:03:42Z,2026-08-23T23:24:58Z,2026-08-22,2026-08-25T15:30:14Z
GHIAO-0348,sharathadavanne/seld-net,sharathadavanne/seld-net,https://github.com/sharathadavanne/seld-net,https://github.com/sharathadavanne/seld-net,"Sound event localization, detection, and tracking of multiple overlapping and moving sources in 2D spherical space using convolutional recurrent neural network","Neuronales System zur Lokalisierung, Erkennung und Verfolgung von Schallereignissen.",general_acoustics_and_measurement,General acoustics and measurement,Allgemeine Akustik und Messung,core,active,,131564971,available,,False,False,False,master,Python,NOASSERTION,"[""localisation"",""localization"",""seld"",""sound-event-detection"",""sound-event-localization"",""sound-event-localization-detection"",""tracking""]",407,72,15,2018-04-30T06:56:19Z,2022-11-21T21:36:42Z,2026-08-12T10:48:59Z,2026-08-22,2026-08-25T15:30:14Z
GHIAO-0349,pencilresearch/midi,pencilresearch/midi,https://github.com/pencilresearch/midi,https://github.com/pencilresearch/midi,MIDI CC & NRPN database,"Maschinenlesbare Datenbank zu MIDI-CC-, NRPN- und Notenbelegungen von Synthesizern.",organology_and_instrument_knowledge,Organology and instrument knowledge,Organologie und Instrumentenwissen,core,active,,190647379,available,https://midi.guide,False,False,False,main,,CC-BY-SA-4.0,"[""midi"",""midi-controller"",""midi-events"",""midi-messages""]",366,103,16,2019-06-06T20:44:39Z,2026-07-28T22:39:58Z,2026-08-25T08:32:39Z,2026-08-22,2026-08-25T15:30:14Z
GHIAO-0350,maxrmorrison/torchcrepe,maxrmorrison/torchcrepe,https://github.com/maxrmorrison/torchcrepe,https://github.com/maxrmorrison/torchcrepe,Pytorch implementation of the CREPE pitch tracker,PyTorch-Implementierung des CREPE-Tonhöhentrackers.,general_acoustics_and_measurement,General acoustics and measurement,Allgemeine Akustik und Messung,adjacent,active,,269126297,available,,False,False,False,master,Python,MIT,"[""crepe"",""pitch"",""pitch-tracker"",""pytorch""]",523,81,6,2020-06-03T15:32:49Z,2025-05-16T18:24:44Z,2026-07-19T13:14:56Z,2026-08-22,2026-08-25T15:30:14Z
GHIAO-0351,iver56/loudness,iver56/loudness,https://github.com/iver56/loudness,https://github.com/iver56/loudness,The world's fastest Python package for calculating integrated loudness (LUFS) from audio data as NumPy arrays,Softwarepaket zur Berechnung wahrgenommener Lautheit und von LUFS-Werten.,psychoacoustics_and_sound_quality,Psychoacoustics and sound quality,Psychoakustik und Sound Quality,core,active,,1022595342,available,,False,False,False,main,C++,MIT,"[""audio"",""ebur128"",""loudness"",""lufs"",""lufs-meter"",""numpy"",""python""]",32,2,1,2025-07-19T12:13:17Z,2025-12-26T15:21:43Z,2026-08-06T00:22:18Z,2026-08-22,2026-08-25T15:30:14Z
GHIAO-0352,liam-kelley/RIR-in-a-Box,liam-kelley/RIR-in-a-Box,https://github.com/liam-kelley/RIR-in-a-Box,https://github.com/liam-kelley/RIR-in-a-Box,"Code for the paper ""RIR-in-a-Box : Estimating Room Acoustics from 3D Mesh Data through Shoebox Approximation"" presented at Interspeech 2024.",Schätzung raumakustischer Impulsantworten aus dreidimensionalen Polygonnetzen.,room_and_virtual_acoustics,Room and virtual acoustics,Raum- und virtuelle Akustik,core,active,,684980412,available,,False,False,False,master,Jupyter Notebook,MIT,[],16,0,1,2023-08-30T08:54:37Z,2024-09-01T13:06:07Z,2026-03-03T12:10:24Z,2026-08-22,2026-08-25T15:30:14Z
GHIAO-0353,francesclluis/points2sound,francesclluis/points2sound,https://github.com/francesclluis/points2sound,https://github.com/francesclluis/points2sound,A multi-modal neural network for binaural audio synthesis using 3D point cloud scenes,Synthese binauraler Audiosignale aus dreidimensionalen Punktwolken.,spatial_audio_and_auralization,Spatial audio and auralization,Räumliches Audio und Auralisierung,core,active,,360839261,available,,False,False,False,master,Python,MIT,[],11,1,0,2021-04-23T09:57:31Z,2022-10-01T10:31:18Z,2026-02-15T09:55:38Z,2026-08-22,2026-08-25T15:30:14Z
GHIAO-0354,itsmusician/IR-Library,itsmusician/IR-Library,https://github.com/itsmusician/IR-Library,https://github.com/itsmusician/IR-Library,Impulse Responses that I've created for anyone to use,"Öffentliche Bibliothek von Impulsantworten aus Räumen, Instrumenten, Geräten und weiteren Quellen.",room_and_virtual_acoustics,Room and virtual acoustics,Raum- und virtuelle Akustik,adjacent,active,,534392674,available,https://ko-fi.com/musician,False,False,False,main,,MIT,[],77,3,0,2022-09-08T21:03:46Z,2025-07-26T20:02:42Z,2026-08-12T05:24:07Z,2026-08-22,2026-08-25T15:30:14Z
GHIAO-0355,sh01k/MeshRIR,sh01k/MeshRIR,https://github.com/sh01k/MeshRIR,https://github.com/sh01k/MeshRIR,MeshRIR: Dataset of room impulse responses on meshed grid points,Datensatz von Raumimpulsantworten auf räumlich vermaschten Messpunkten.,room_and_virtual_acoustics,Room and virtual acoustics,Raum- und virtuelle Akustik,core,active,,327886451,available,https://www.sh01.org/MeshRIR/,False,False,False,main,Jupyter Notebook,CC-BY-4.0,"[""dataset""]",43,7,0,2021-01-08T11:40:24Z,2026-07-27T08:38:05Z,2026-07-27T08:39:19Z,2026-08-22,2026-08-25T15:30:14Z
GHIAO-0356,Yujia-Yan/Transkun,Yujia-Yan/Transkun,https://github.com/Yujia-Yan/Transkun,https://github.com/Yujia-Yan/Transkun,A simple yet effective Audio-to-Midi Automatic Piano Transcription system,Modell zur automatischen Transkription von Klavieraufnahmen.,instrument_recognition_and_datasets,"Instrument recognition, transcription, and datasets","Instrumentenerkennung, Transkription und Datensätze",core,active,,421096167,available,,False,False,False,main,Python,MIT,"[""audio"",""audio-to-midi"",""automatic-transcription"",""crf"",""midi"",""music"",""music-transcription"",""piano"",""piano-transcription"",""pytorch"",""sound-processing"",""transcription""]",413,38,22,2021-10-25T16:12:40Z,2024-11-22T22:13:00Z,2026-08-25T14:47:31Z,2026-08-22,2026-08-25T15:30:14Z
GHIAO-0357,hanshounsu/d3rm,hanshounsu/d3rm,https://github.com/hanshounsu/d3rm,https://github.com/hanshounsu/d3rm,,System zur robusten automatischen Klaviertranskription.,instrument_recognition_and_datasets,"Instrument recognition, transcription, and datasets","Instrumentenerkennung, Transkription und Datensätze",core,active,,855030413,available,,False,False,False,main,Python,,[],14,1,0,2024-09-10T07:22:49Z,2026-02-03T14:22:50Z,2026-07-05T10:27:53Z,2026-08-22,2026-08-25T15:30:14Z
GHIAO-0358,Ferdinando222/Upsampling-HOM,Ferdinando222/Upsampling-HOM,https://github.com/Ferdinando222/Upsampling-HOM,https://github.com/Ferdinando222/Upsampling-HOM," The official repository for the paper: ""A Physics-Informed Neural Network-Based Approach for the Spatial Upsampling of Spherical Microphone Arrays",Räumliche Hochskalierung von Signalen sphärischer Mikrofonarrays.,spatial_audio_and_auralization,Spatial audio and auralization,Räumliches Audio und Auralisierung,core,active,,692385704,available,,False,False,False,main,Python,MIT,[],3,0,0,2023-09-16T10:21:10Z,2025-05-22T09:11:15Z,2026-02-14T11:26:21Z,2026-08-22,2026-08-25T15:30:14Z
GHIAO-0359,AudibleLight/AudibleLight,AudibleLight/AudibleLight,https://github.com/AudibleLight/AudibleLight,https://github.com/AudibleLight/AudibleLight,"A controllable, end-to-end API for soundscape synthesis across ray-traced & real-world measured acoustics",Synthese von Klanglandschaften mit strahlenverfolgter und gemessener Akustik.,room_and_virtual_acoustics,Room and virtual acoustics,Raum- und virtuelle Akustik,core,active,,1000063838,available,https://audiblelight.github.io/AudibleLight/,False,False,False,main,Jupyter Notebook,,"[""acoustics"",""dataset-generation"",""ray-tracing"",""spatial-audio"",""synthesis""]",28,5,25,2025-06-11T08:00:31Z,2026-04-01T10:00:16Z,2026-08-20T04:35:57Z,2026-08-22,2026-08-25T15:30:14Z
GHIAO-0360,GAMMA-UMD/GWA,GAMMA-UMD/GWA,https://github.com/GAMMA-UMD/GWA,https://github.com/GAMMA-UMD/GWA,Geometric-Wave Acoustic dataset,Datensatz für geometrisch-wellenbasierte akustische Simulation und Auswertung.,physical_and_computational_acoustics,Physical and computational acoustics,Physikalische und numerische Akustik,core,active,,489486367,available,https://gamma.umd.edu/pro/sound/gwa,False,False,False,master,Python,CC-BY-4.0,[],66,6,1,2022-05-06T20:32:20Z,2022-08-14T19:51:11Z,2026-07-19T09:22:59Z,2026-08-22,2026-08-25T15:30:14Z
GHIAO-0361,GAMMA-UMD/pygsound,GAMMA-UMD/pygsound,https://github.com/GAMMA-UMD/pygsound,https://github.com/GAMMA-UMD/pygsound,Impulse response generation based on state-of-the-art geometric sound propagation engine.,Python-Bibliothek für geometrische Schallausbreitung und die Erzeugung von Impulsantworten.,room_and_virtual_acoustics,Room and virtual acoustics,Raum- und virtuelle Akustik,core,active,,183506103,available,,False,False,False,master,C++,NOASSERTION,"[""room-impulse-response"",""simulation"",""simulation-engine"",""sound-propagation"",""sound-propagation-modeling""]",176,26,8,2019-04-25T20:35:45Z,2023-01-17T17:04:57Z,2026-08-20T21:02:11Z,2026-08-22,2026-08-25T15:30:14Z
GHIAO-0362,anton-jeran/MESH2IR,anton-jeran/MESH2IR,https://github.com/anton-jeran/MESH2IR,https://github.com/anton-jeran/MESH2IR,This is the official implementation of our mesh-based neural network (MESH2IR) to generate acoustic impulse responses (IRs) for indoor 3D scenes represented using a mesh.,Erzeugung akustischer Impulsantworten aus dreidimensionalen Polygonnetzen.,room_and_virtual_acoustics,Room and virtual acoustics,Raum- und virtuelle Akustik,core,active,,485558404,available,https://anton-jeran.github.io/M2IR/,False,False,False,main,Python,,"[""acoustics"",""gan"",""graph-neural-networks"",""implicit-neural-representation"",""impulse-response"",""mesh"",""mesh-networks"",""rir"",""room-impulse-response"",""room-impulse-responses""]",110,13,1,2022-04-25T22:48:59Z,2024-07-24T18:01:53Z,2026-08-08T04:56:37Z,2026-08-22,2026-08-25T15:30:14Z
GHIAO-0363,spotify/basic-pitch,spotify/basic-pitch,https://github.com/spotify/basic-pitch,https://github.com/spotify/basic-pitch,A lightweight yet powerful audio-to-MIDI converter with pitch bend detection,Leichtgewichtiger polyphoner Audio-zu-MIDI-Konverter mit Pitch-Bend-Erkennung.,instrument_recognition_and_datasets,"Instrument recognition, transcription, and datasets","Instrumentenerkennung, Transkription und Datensätze",core,active,,488142653,available,https://basicpitch.io,False,False,False,main,Python,Apache-2.0,"[""audio"",""lightweight"",""machine-learning"",""midi"",""music"",""pitch-detection"",""polyphonic"",""python"",""transcription"",""typescript""]",5485,499,59,2022-05-03T09:10:03Z,2025-11-13T14:40:46Z,2026-08-25T09:44:21Z,2026-08-22,2026-08-25T15:30:14Z
GHIAO-0364,HBB-ThinkTank/PALA,HBB-ThinkTank/PALA,https://github.com/HBB-ThinkTank/PALA,https://github.com/HBB-ThinkTank/PALA,Python Audio Loudness Analysis,Python-Werkzeug zur Analyse von Audiolautheit.,psychoacoustics_and_sound_quality,Psychoacoustics and sound quality,Psychoakustik und Sound Quality,core,active,,937402280,available,,False,False,False,main,Python,MIT,"[""acoustics"",""audio-analysis"",""audio-tools"",""itu-r-bs1770"",""loudness"",""lufs"",""python"",""python-library"",""signal-processing"",""sound"",""true-peak""]",4,0,0,2025-02-23T00:36:28Z,2025-07-19T22:03:41Z,2026-06-29T11:14:50Z,2026-08-22,2026-08-25T15:30:14Z
GHIAO-0365,DragonLiu1995/xRIR_code,DragonLiu1995/xRIR_code,https://github.com/DragonLiu1995/xRIR_code,https://github.com/DragonLiu1995/xRIR_code,"[CVPR 2025] Pytorch implementation of the paper ""Hearing Anywhere in Any Environment""",Verfahren zur Schätzung und Modellierung von Raumimpulsantworten.,room_and_virtual_acoustics,Room and virtual acoustics,Raum- und virtuelle Akustik,core,active,,1003352267,available,https://dragonliu1995.github.io/hearinganywhereinanyenvironment/,False,False,False,main,Python,NOASSERTION,"[""3d-vision"",""acoustics"",""audio-generation"",""audio-synthesis"",""audio-visual-learning"",""computer-audition"",""data-driven-model"",""multi-modal-learning"",""spatial-audio""]",34,1,2,2025-06-17T02:50:48Z,2025-09-18T02:38:26Z,2026-07-25T12:50:53Z,2026-08-22,2026-08-25T15:30:14Z
GHIAO-0366,minju0821/musical_instrument_retrieval,minju0821/musical_instrument_retrieval,https://github.com/minju0821/musical_instrument_retrieval,https://github.com/minju0821/musical_instrument_retrieval,,System zum Auffinden und Klassifizieren von Musikinstrumenten anhand von Audiodaten.,instrument_recognition_and_datasets,"Instrument recognition, transcription, and datasets","Instrumentenerkennung, Transkription und Datensätze",core,active,,540363843,available,,False,False,False,main,Python,MIT,[],29,4,2,2022-09-23T09:15:43Z,2023-06-08T23:06:10Z,2025-11-05T11:03:53Z,2026-08-22,2026-08-25T15:30:14Z
GHIAO-0367,lars76/pitch-benchmark,lars76/pitch-benchmark,https://github.com/lars76/pitch-benchmark,https://github.com/lars76/pitch-benchmark,Comprehensive benchmark suite comparing pitch detection algorithms across multiple datasets.,Benchmark-Suite zum Vergleich von Tonhöhenerkennungsalgorithmen über mehrere Datensätze.,general_acoustics_and_measurement,General acoustics and measurement,Allgemeine Akustik und Messung,adjacent,active,,918343426,available,,False,False,False,main,Python,MIT,[],81,13,1,2025-01-17T18:26:20Z,2026-07-22T08:35:44Z,2026-08-14T04:01:32Z,2026-08-22,2026-08-25T15:30:14Z
GHIAO-0368,jorshi/ddsp-timbre-remap,jorshi/ddsp-timbre-remap,https://github.com/jorshi/ddsp-timbre-remap,https://github.com/jorshi/ddsp-timbre-remap,Real-time Timbre Remapping with Differentiable DSP.,Echtzeit-Timbre-Remapping mit differenzierbarer digitaler Signalverarbeitung.,virtual_instruments_and_synthesis,Virtual instruments and sound synthesis,Virtuelle Instrumente und Synthese,core,active,,823041265,available,https://jordieshier.com/projects/nime2024/,False,False,False,main,Python,Apache-2.0,[],21,1,0,2024-07-02T10:06:59Z,2024-11-12T11:53:24Z,2026-04-25T16:24:42Z,2026-08-22,2026-08-25T15:30:14Z
GHIAO-0369,jacktipper/raivBox,jacktipper/raivBox,https://github.com/jacktipper/raivBox,https://github.com/jacktipper/raivBox,"Master's Thesis Project - NYU Steinhardt Music Technology - The raivBox is a standalone neural audio synthesis device based on Google Magenta's DDSP, with an NVIDIA Jetson Nano 2GB embedded development board at its core.",Eigenständiges Hardware-Instrument für neuronale Audiosynthese.,instrument_design_and_hardware,"Instrument design, hardware, and augmented instruments","Instrumentendesign, Hardware und augmentierte Instrumente",core,active,,421736092,available,https://www.raiv.ai,False,False,False,main,Python,Apache-2.0,"[""3d-printing"",""ai"",""aotu"",""audio"",""ddsp"",""embedded-systems"",""hardware"",""linux"",""magenta"",""mir"",""music"",""music-technology"",""neural-synthesis"",""nvidia-jetson-nano"",""nyu"",""python"",""raiv"",""systemd"",""tensorflow"",""timbre-transfer""]",7,0,0,2021-10-27T08:26:24Z,2022-12-06T09:53:29Z,2025-09-08T10:04:48Z,2026-08-22,2026-08-25T15:30:14Z
GHIAO-0370,deeuu/loudness,deeuu/loudness,https://github.com/deeuu/loudness,https://github.com/deeuu/loudness,Audio library for modelling loudness,Bibliothek zur Modellierung und Berechnung wahrgenommener Lautheit.,psychoacoustics_and_sound_quality,Psychoacoustics and sound quality,Psychoakustik und Sound Quality,core,active,,25131877,available,,False,False,False,master,C++,GPL-3.0,[],40,11,0,2014-10-12T20:57:43Z,2019-08-08T08:33:32Z,2026-01-16T07:09:38Z,2026-08-22,2026-08-25T15:30:14Z
GHIAO-0371,chris-hld/spaudiopy,chris-hld/spaudiopy,https://github.com/chris-hld/spaudiopy,https://github.com/chris-hld/spaudiopy,Spatial Audio Python Package,"Python-Paket zur Analyse, Verarbeitung und Wiedergabe räumlicher Audiosignale.",spatial_audio_and_auralization,Spatial audio and auralization,Räumliches Audio und Auralisierung,core,active,,169112105,available,https://spaudiopy.readthedocs.io/,False,False,False,master,Python,MIT,"[""allrad"",""ambisonics"",""audio"",""binaural"",""decoders"",""hrtf"",""python"",""rir"",""spatial-audio"",""spherical-harmonics"",""vbap""]",203,19,9,2019-02-04T16:45:51Z,2026-06-28T21:00:33Z,2026-08-16T00:45:26Z,2026-08-22,2026-08-25T15:30:14Z
GHIAO-0372,SAGNIKMJR/few-shot-rir,SAGNIKMJR/few-shot-rir,https://github.com/SAGNIKMJR/few-shot-rir,https://github.com/SAGNIKMJR/few-shot-rir,Code and datasets for 'Few-Shot Audio-Visual Learning of Environment Acoustics' (NeurIPS 2022),Audiovisuelles Few-Shot-Verfahren zum Erlernen der Akustik unbekannter Umgebungen.,room_and_virtual_acoustics,Room and virtual acoustics,Raum- und virtuelle Akustik,core,active,,570744614,available,,False,False,False,main,Python,MIT,[],25,5,1,2022-11-26T01:44:35Z,2026-06-16T06:23:35Z,2026-08-17T16:35:15Z,2026-08-22,2026-08-25T15:30:14Z
GHIAO-0373,korginc/logue-sdk,korginc/logue-sdk,https://github.com/korginc/logue-sdk,https://github.com/korginc/logue-sdk,This repository contains all the files and tools needed to build custom oscillators and effects for the prologue synthesizer.,SDK für eigene Oszillatoren und Effekte auf Korg-Synthesizern der logue-Reihe.,instrument_design_and_hardware,"Instrument design, hardware, and augmented instruments","Instrumentendesign, Hardware und augmentierte Instrumente",core,active,,130293213,available,https://korginc.github.io/logue-sdk/,False,False,False,main,C,BSD-3-Clause,"[""audio"",""dsp"",""embedded"",""stm32"",""wasm""]",1034,353,56,2018-04-20T01:44:05Z,2026-08-17T06:54:17Z,2026-08-25T09:48:28Z,2026-08-22,2026-08-25T15:30:14Z
GHIAO-0374,claytonotey/qiano,claytonotey/qiano,https://github.com/claytonotey/qiano,https://github.com/claytonotey/qiano,A digital waveguide piano physical model with VST and command line interface.,Physikalisches Klaviermodell auf Basis digitaler Wellenleiter.,virtual_instruments_and_synthesis,Virtual instruments and sound synthesis,Virtuelle Instrumente und Synthese,core,active,,55646328,available,,False,False,False,master,C++,GPL-2.0,[],36,5,0,2016-04-06T22:43:11Z,2016-04-06T23:15:48Z,2026-08-06T23:19:36Z,2026-08-22,2026-08-25T15:30:14Z
GHIAO-0375,michele-perrone/OpenPiano,michele-perrone/OpenPiano,https://github.com/michele-perrone/OpenPiano,https://github.com/michele-perrone/OpenPiano,An open source real-time piano engine and JUCE plugin based on physical modelling,Echtzeitfähige Klavier-Engine und Plugin mit physikalischer Modellierung.,virtual_instruments_and_synthesis,Virtual instruments and sound synthesis,Virtuelle Instrumente und Synthese,core,active,,441875947,available,,False,False,False,main,C++,AGPL-3.0,[],167,8,3,2021-12-26T11:38:26Z,2024-08-02T23:15:19Z,2026-06-30T06:01:29Z,2026-08-22,2026-08-25T15:30:14Z
GHIAO-0376,AmandineBtto/NeRAF,AmandineBtto/NeRAF,https://github.com/AmandineBtto/NeRAF,https://github.com/AmandineBtto/NeRAF,"[ICLR 2025] NeRAF jointly learns acoustic and radiance fields, enabling realistic audio-visual generation.",Gemeinsames neuronales Akustik- und Radiance-Field-Modell.,room_and_virtual_acoustics,Room and virtual acoustics,Raum- und virtuelle Akustik,core,active,,806615551,available,https://amandinebtto.github.io/NeRAF/,False,False,False,main,Python,NOASSERTION,"[""acoustics"",""audio"",""iclr2025"",""implicit-neural-representation"",""impulse-response"",""nerf"",""nerfstudio"",""neural-acoustic-field"",""neural-field"",""neural-fields"",""rir"",""spatial-audio""]",37,2,3,2024-05-27T14:37:37Z,2026-03-11T11:01:48Z,2026-07-18T05:19:51Z,2026-08-22,2026-08-25T15:30:14Z
GHIAO-0377,LucaSpanedda/Digital_Reverberation_in_Faust,LucaSpanedda/Digital_Reverberation_in_Faust,https://github.com/LucaSpanedda/Digital_Reverberation_in_Faust,https://github.com/LucaSpanedda/Digital_Reverberation_in_Faust,Experiments and Algorithms for Digital Reverberation Models in FAUST (GRAME),Implementierungen digitaler Nachhallmodelle in Faust.,room_and_virtual_acoustics,Room and virtual acoustics,Raum- und virtuelle Akustik,core,active,,317055414,available,,False,False,False,main,Faust,MIT,[],13,2,0,2020-11-29T22:27:48Z,2024-11-28T23:09:55Z,2026-05-13T13:47:21Z,2026-08-22,2026-08-25T15:30:14Z
GHIAO-0378,mickey1356/acoustic_reliefs,mickey1356/acoustic_reliefs,https://github.com/mickey1356/acoustic_reliefs,https://github.com/mickey1356/acoustic_reliefs,Create acoustic diffusers with custom images!,Entwurf raumakustischer Diffusoren und Reliefs aus benutzerdefinierten Bildvorlagen.,room_and_virtual_acoustics,Room and virtual acoustics,Raum- und virtuelle Akustik,core,active,,866004854,available,https://cdl.ethz.ch/publications/acoustic-reliefs/,False,False,False,main,C++,BSD-3-Clause,[],22,2,0,2024-10-01T13:40:45Z,2026-01-13T09:26:31Z,2026-08-20T19:58:07Z,2026-08-22,2026-08-25T15:30:14Z
GHIAO-0379,ucl-bug/jwave,ucl-bug/jwave,https://github.com/ucl-bug/jwave,https://github.com/ucl-bug/jwave,"A JAX-based research framework for differentiable and parallelizable acoustic simulations, on CPU, GPUs and TPUs",Differenzierbares JAX-Framework zur parallelen Simulation von Ultraschall- und akustischen Wellenfeldern.,aero_underwater_and_ultrasound_acoustics,"Aeroacoustics, underwater acoustics, and ultrasound","Aero-, Unterwasser- und Ultraschallakustik",core,active,,355146266,available,,False,False,False,main,Python,LGPL-3.0,"[""acoustics"",""differentiable-simulations"",""gpu"",""gpu-acceleration"",""jax"",""kwave"",""physics-informed-neural-networks"",""scientific-machine-learning"",""simulation"",""tpu-acceleration"",""ultrasound"",""wave-equation""]",215,33,43,2021-04-06T10:22:17Z,2026-03-22T17:32:34Z,2026-08-25T05:40:24Z,2026-08-22,2026-08-25T15:30:14Z
GHIAO-0380,yhj137/PianistTransformer,yhj137/PianistTransformer,https://github.com/yhj137/PianistTransformer,https://github.com/yhj137/PianistTransformer,"This is the official implementation for the paper ""Pianist Transformer: Towards Expressive Piano Performance Rendering via Scalable Self-Supervised Pre-Training"".",Modell zur Erzeugung expressiver Klavierperformances aus symbolischen Eingaben.,virtual_instruments_and_synthesis,Virtual instruments and sound synthesis,Virtuelle Instrumente und Synthese,adjacent,active,,1108221824,available,,False,False,False,main,Python,Apache-2.0,[],48,6,0,2025-12-02T07:24:52Z,2026-06-25T17:23:35Z,2026-07-29T02:22:26Z,2026-08-22,2026-08-25T15:30:14Z
GHIAO-0381,DBraun/DawDreamer,DBraun/DawDreamer,https://github.com/DBraun/DawDreamer,https://github.com/DBraun/DawDreamer,"Digital Audio Workstation with Python; VST instruments/effects, parameter automation, FAUST, JAX, Warp Markers, and JUCE processors",Python-basierte DAW-Engine mit Unterstützung für VST-Instrumente und Faust-Prozessoren.,virtual_instruments_and_synthesis,Virtual instruments and sound synthesis,Virtuelle Instrumente und Synthese,adjacent,active,,284760653,available,http://dirt.design/DawDreamer/,False,False,False,main,C++,GPL-3.0,"[""ableton"",""audio"",""audio-plugin"",""audio-processing"",""daw"",""faust"",""jax"",""juce"",""midi"",""python"",""synthesizer"",""vst"",""vst-host"",""vst3"",""vst3-host""]",1285,99,47,2020-08-03T17:14:00Z,2026-08-12T17:02:05Z,2026-08-24T04:25:37Z,2026-08-22,2026-08-25T15:30:14Z
GHIAO-0382,leomccormack/SPARTA,leomccormack/SPARTA,https://github.com/leomccormack/SPARTA,https://github.com/leomccormack/SPARTA,A collection of spatial audio plug-ins developed using JUCE and the Spatial_Audio_Framework,"Plugin-Sammlung zur Aufnahme, Analyse und Wiedergabe räumlicher Audiosignale.",spatial_audio_and_auralization,Spatial audio and auralization,Räumliches Audio und Auralisierung,core,active,,121727010,available,http://leomccormack.github.io/sparta-site/,False,False,False,master,C++,GPL-3.0,"[""3d-audio"",""ambisonics"",""hoa"",""microphone-array-processing"",""sound-field-analysis"",""sound-field-visualisation"",""spatial-audio"",""vbap"",""vst""]",771,56,10,2018-02-16T08:03:44Z,2026-04-10T03:18:14Z,2026-08-24T08:53:26Z,2026-08-22,2026-08-25T15:30:14Z
GHIAO-0383,fosfrancesco/asap-dataset,fosfrancesco/asap-dataset,https://github.com/fosfrancesco/asap-dataset,https://github.com/fosfrancesco/asap-dataset,A  dataset  of  222  digital  musical  scores aligned with 1068 performances (more than 92 hours) of Western  classical  piano  music.,Datensatz aus digital ausgerichteten Klavierpartituren und mehr als tausend Audio- und MIDI-Performances.,instrument_recognition_and_datasets,"Instrument recognition, transcription, and datasets","Instrumentenerkennung, Transkription und Datensätze",core,active,,279304436,available,,False,False,False,master,Jupyter Notebook,NOASSERTION,[],274,38,3,2020-07-13T13:03:12Z,2026-04-12T08:14:05Z,2026-08-21T02:08:40Z,2026-08-22,2026-08-25T15:30:14Z
GHIAO-0384,sizigi/AliasingFreeNeuralAudioSynthesis,sizigi/AliasingFreeNeuralAudioSynthesis,https://github.com/sizigi/AliasingFreeNeuralAudioSynthesis,https://github.com/sizigi/AliasingFreeNeuralAudioSynthesis,,Verfahren für aliasingarme neuronale Audiosynthese.,virtual_instruments_and_synthesis,Virtual instruments and sound synthesis,Virtuelle Instrumente und Synthese,adjacent,active,,1092689637,available,,False,False,False,main,Python,MIT,[],65,7,1,2025-11-09T05:21:52Z,2025-12-24T05:31:08Z,2026-08-15T13:55:14Z,2026-08-22,2026-08-25T15:30:14Z
GHIAO-0385,QxLabIreland/Binamix,QxLabIreland/Binamix,https://github.com/QxLabIreland/Binamix,https://github.com/QxLabIreland/Binamix,A Python Library for Binaural Mixing and Data Generation,Werkzeuge und Daten zur binauralen Mischung räumlicher Audioszenen.,spatial_audio_and_auralization,Spatial audio and auralization,Räumliches Audio und Auralisierung,core,active,,958526561,available,,False,False,False,main,Python,,[],56,11,1,2025-04-01T10:44:43Z,2026-01-23T16:14:37Z,2026-07-06T13:26:27Z,2026-08-22,2026-08-25T15:30:14Z
GHIAO-0386,equilet/tsar-bell,equilet/tsar-bell,https://github.com/equilet/tsar-bell,https://github.com/equilet/tsar-bell,Max implementation of Faust code for Tsar Bell project,Faust- und Max-Implementierung zur akustischen Rekonstruktion der historischen Zarenglocke.,musical_instrument_acoustics,Musical instrument acoustics,Musikinstrumentenakustik,core,active,,61745860,available,,False,False,False,master,Max,,[],5,1,0,2016-06-22T19:27:40Z,2016-07-06T21:32:48Z,2026-03-21T14:11:45Z,2026-08-22,2026-08-25T15:30:14Z
GHIAO-0387,polifonia-project/bells-ontology,polifonia-project/bells-ontology,https://github.com/polifonia-project/bells-ontology,https://github.com/polifonia-project/bells-ontology,"The Bell module represents concepts and relationships to describe bells, bell towers and bell ringers.","Ontologie für Glocken, Glockentürme, Läutepraxis und beteiligte Personen.",organology_and_instrument_knowledge,Organology and instrument knowledge,Organologie und Instrumentenwissen,core,active,,424658738,available,,False,False,False,main,,CC-BY-4.0,[],2,1,0,2021-11-04T16:10:12Z,2024-02-26T10:09:05Z,2026-03-21T15:08:55Z,2026-08-22,2026-08-25T15:30:14Z
GHIAO-0388,AmandineBtto/FLAC,AmandineBtto/FLAC,https://github.com/AmandineBtto/FLAC,https://github.com/AmandineBtto/FLAC,"[CVPR 2026] FLAC: Few-Shot Acoustic Synthesis with Flow Matching. FLAC enables RIR generation in novel scenes using only one-shot acoustic observation. The repository also provides AGREE, a joint embedding space for RIRs and room geometry, designed to evaluate the geometric consistency of RIR synthesis models.",Few-Shot-Verfahren zur akustischen Synthese und Erzeugung von Raumimpulsantworten.,room_and_virtual_acoustics,Room and virtual acoustics,Raum- und virtuelle Akustik,core,active,,1176043751,available,https://amandinebtto.github.io/FLAC/,False,False,False,master,Python,,"[""acoustics"",""audio-visual-learning"",""few-shot-learning"",""flow-matching"",""joint-embedding"",""room-impulse-response""]",19,4,1,2026-03-08T14:42:17Z,2026-03-20T08:07:55Z,2026-06-28T14:08:11Z,2026-08-22,2026-08-25T15:30:14Z
GHIAO-0389,Nemus-Project/ModalAbsorption,Nemus-Project/ModalAbsorption,https://github.com/Nemus-Project/ModalAbsorption,https://github.com/Nemus-Project/ModalAbsorption,,Modalakustisches Verfahren zur Modellierung von Absorption und Raumimpulsantworten.,room_and_virtual_acoustics,Room and virtual acoustics,Raum- und virtuelle Akustik,core,active,,1182213068,available,,False,False,False,main,MATLAB,,[],2,0,0,2026-03-15T07:39:37Z,2026-04-01T07:50:09Z,2026-04-01T07:50:36Z,2026-08-22,2026-08-25T15:30:14Z
GHIAO-0390,TheColby/verbx,TheColby/verbx,https://github.com/TheColby/verbx,https://github.com/TheColby/verbx,Extreme ambient audio reverberator,Software-Reverberator für extreme Ambient- und Faltungshall-Anwendungen.,room_and_virtual_acoustics,Room and virtual acoustics,Raum- und virtuelle Akustik,adjacent,active,,1165912492,available,,False,False,False,main,Python,MIT,[],28,1,0,2026-02-24T17:18:14Z,2026-08-08T15:24:59Z,2026-08-08T15:25:00Z,2026-08-22,2026-08-25T15:30:14Z
GHIAO-0391,misuka-renderer/misuka,misuka-renderer/misuka,https://github.com/misuka-renderer/misuka,https://github.com/misuka-renderer/misuka,misuka: A differentiable room acoustic renderer,Differenzierbarer Renderer für Raumakustik.,room_and_virtual_acoustics,Room and virtual acoustics,Raum- und virtuelle Akustik,core,active,,1021931493,available,https://www.tu.berlin/en/ak/research/projects/differentiable-acoustic-path-tracing,False,False,True,master,C++,NOASSERTION,"[""acoustic"",""differentiable-rendering"",""path-tracing"",""raytracing""]",45,3,4,2025-07-18T07:14:33Z,2026-08-25T14:43:31Z,2026-08-25T14:58:19Z,2026-08-22,2026-08-25T15:30:14Z
GHIAO-0392,TheColby/Particelle,TheColby/Particelle,https://github.com/TheColby/Particelle,https://github.com/TheColby/Particelle,"Sound, atomized.",Granularsynthese-Engine mit mikrotonaler Präzision und Mehrkanal-Ausgabe.,virtual_instruments_and_synthesis,Virtual instruments and sound synthesis,Virtuelle Instrumente und Synthese,adjacent,active,,1170920206,available,,False,False,False,main,Rust,,[],8,1,12,2026-03-02T17:11:18Z,2026-08-23T17:42:45Z,2026-08-09T17:43:15Z,2026-08-22,2026-08-25T15:30:14Z
GHIAO-0393,SonyCSLParis/DrumGAN,SonyCSLParis/DrumGAN,https://github.com/SonyCSLParis/DrumGAN,https://github.com/SonyCSLParis/DrumGAN,Synthesis of Drum Sounds With Perceptual Timbral Conditioning Using Generative Adversarial Networks,Generatives Modell zur Synthese von Schlagzeugklängen mit wahrnehmungsbezogener Timbre-Steuerung.,virtual_instruments_and_synthesis,Virtual instruments and sound synthesis,Virtuelle Instrumente und Synthese,core,active,,280176612,available,,False,False,False,master,Python,NOASSERTION,[],133,14,2,2020-07-16T14:32:48Z,2023-03-09T17:48:41Z,2026-06-20T23:02:54Z,2026-08-22,2026-08-25T15:30:14Z
GHIAO-0394,tinaudio/synth-setter,tinaudio/synth-setter,https://github.com/tinaudio/synth-setter,https://github.com/tinaudio/synth-setter,"Synthesizer parameter prediction, sound matching, and preset exploration tools.",Modell zur Vorhersage und Exploration von Synthesizerparametern und Presets.,virtual_instruments_and_synthesis,Virtual instruments and sound synthesis,Virtuelle Instrumente und Synthese,core,active,,1035110727,available,,False,False,False,main,Python,GPL-3.0,"[""audio"",""pytorch"",""sound-matching"",""synthesizer"",""synthesizer-inversion""]",5,6,796,2025-08-09T17:18:07Z,2026-08-19T23:24:33Z,2026-08-24T15:59:47Z,2026-08-22,2026-08-25T15:30:14Z
GHIAO-0395,AudioCommons/timbral_models,AudioCommons/timbral_models,https://github.com/AudioCommons/timbral_models,https://github.com/AudioCommons/timbral_models,Python scripts for modelling timbral attributes,Modelle wahrnehmungsbezogener klangfarblicher Eigenschaften.,psychoacoustics_and_sound_quality,Psychoacoustics and sound quality,Psychoakustik und Sound Quality,core,active,,85690448,available,,False,False,False,master,MATLAB,Apache-2.0,[],93,23,10,2017-03-21T10:48:40Z,2026-07-06T08:13:11Z,2026-07-06T08:13:17Z,2026-08-22,2026-08-25T15:30:14Z
GHIAO-0396,AudioCommons/ac-ontology,AudioCommons/ac-ontology,https://github.com/AudioCommons/ac-ontology,https://github.com/AudioCommons/ac-ontology,The Audio Commons Ontology,Ontologie zur Beschreibung von Audioinhalten und klangbezogenen Ressourcen.,organology_and_instrument_knowledge,Organology and instrument knowledge,Organologie und Instrumentenwissen,adjacent,active,,98520329,available,https://w3id.org/ac-ontology/aco,False,False,False,master,HTML,CC0-1.0,[],3,1,6,2017-07-27T09:47:37Z,2023-02-08T12:07:55Z,2026-04-20T19:16:47Z,2026-08-22,2026-08-25T15:30:14Z
GHIAO-0397,probonopd/MiniDexed,probonopd/MiniDexed,https://github.com/probonopd/MiniDexed,https://github.com/probonopd/MiniDexed,Dexed FM synthesizer similar to 8x DX7 (TX816/TX802) running on a bare metal Raspberry Pi (without a Linux kernel or operating system),Bare-Metal-FM-Synthesizer für den Raspberry Pi.,instrument_design_and_hardware,"Instrument design, hardware, and augmented instruments","Instrumentendesign, Hardware und augmentierte Instrumente",core,active,,455922808,available,https://github.com/probonopd/MiniDexed/wiki,False,False,False,main,C++,GPL-3.0,"[""frequency-modulation"",""raspberry-pi"",""synthesizer""]",1653,137,81,2022-02-05T16:29:07Z,2026-04-18T09:39:51Z,2026-08-25T11:53:50Z,2026-08-22,2026-08-25T15:30:14Z
GHIAO-0398,IoSR-Surrey/RoomAcoustiCpp,IoSR-Surrey/RoomAcoustiCpp,https://github.com/IoSR-Surrey/RoomAcoustiCpp,https://github.com/IoSR-Surrey/RoomAcoustiCpp,,C++-Bibliothek und Werkzeuge für raumakustische Berechnungen.,room_and_virtual_acoustics,Room and virtual acoustics,Raum- und virtuelle Akustik,core,active,,696198871,available,https://iosr-surrey.github.io/RoomAcoustiCpp/,False,False,False,main,C++,LGPL-3.0,[],30,1,2,2023-09-25T09:35:19Z,2026-08-01T14:01:50Z,2026-08-05T14:37:58Z,2026-08-22,2026-08-25T15:30:14Z
GHIAO-0399,gdalsanto/shimmer-fdn-reverb,gdalsanto/shimmer-fdn-reverb,https://github.com/gdalsanto/shimmer-fdn-reverb,https://github.com/gdalsanto/shimmer-fdn-reverb,"Companion repository of the DAFx26 paper ""Shimmer Reverberation with Nonlinear Delay Networks""",Shimmer-Nachhall auf Basis nichtlinearer Feedback-Delay-Netzwerke.,room_and_virtual_acoustics,Room and virtual acoustics,Raum- und virtuelle Akustik,adjacent,active,,1274930461,available,,False,False,False,main,Python,MIT,[],6,0,0,2026-06-20T03:46:46Z,2026-06-20T05:47:29Z,2026-08-25T02:40:17Z,2026-08-22,2026-08-25T15:30:14Z
GHIAO-0400,JanisHeldmann/TVFDN-plugin,JanisHeldmann/TVFDN-plugin,https://github.com/JanisHeldmann/TVFDN-plugin,https://github.com/JanisHeldmann/TVFDN-plugin,Real-time audio plugin implementing a Time-Varying Feedback Delay Network.,Audio-Plugin mit zeitvariierendem Feedback-Delay-Netzwerk für Nachhall.,room_and_virtual_acoustics,Room and virtual acoustics,Raum- und virtuelle Akustik,adjacent,active,,1046248520,available,,False,False,False,main,C++,GPL-3.0,"[""artificial-reverberation"",""audio-signal-processing"",""real-time-audio""]",7,0,0,2025-08-28T12:08:03Z,2026-05-18T10:20:56Z,2026-07-31T10:27:40Z,2026-08-22,2026-08-25T15:30:14Z
GHIAO-0401,bernardo-torres/inverse-drum-machine,bernardo-torres/inverse-drum-machine,https://github.com/bernardo-torres/inverse-drum-machine,https://github.com/bernardo-torres/inverse-drum-machine,"Official implementation of the paper: ""The Inverse Drum Machine: Source Separation Through Joint Transcription and Analysis-by-Synthesis"", published in TASLP 2026","Schlagzeugquellentrennung, -transkription und Analyse durch Synthese.",instrument_recognition_and_datasets,"Instrument recognition, transcription, and datasets","Instrumentenerkennung, Transkription und Datensätze",core,active,,1066335440,available,,False,False,False,main,Python,Apache-2.0,[],8,1,0,2025-09-29T10:47:37Z,2026-01-16T15:17:10Z,2026-08-17T17:16:33Z,2026-08-22,2026-08-25T15:30:14Z
GHIAO-0402,IoSR-Surrey/MoD-ART,IoSR-Surrey/MoD-ART,https://github.com/IoSR-Surrey/MoD-ART,https://github.com/IoSR-Surrey/MoD-ART,"Build acoustic radiance transfer (ART) models, and analyze them using modal decomposition of acoustic radiance transfer (MoD-ART).",Modellierung akustischer Strahlungsübertragung und modale Analyse von Räumen.,room_and_virtual_acoustics,Room and virtual acoustics,Raum- und virtuelle Akustik,core,active,,1082711454,available,,False,False,False,master,Jupyter Notebook,MIT,[],10,1,0,2025-10-24T16:43:55Z,2026-07-27T18:35:05Z,2026-07-27T18:35:43Z,2026-08-22,2026-08-25T15:30:14Z
GHIAO-0403,muscriptor/muscriptor,muscriptor/muscriptor,https://github.com/muscriptor/muscriptor,https://github.com/muscriptor/muscriptor,A multi-instrument music transcription model developed by Kyutai and Mirelo.,Modell zur automatischen Transkription mehrerer Musikinstrumente.,instrument_recognition_and_datasets,"Instrument recognition, transcription, and datasets","Instrumentenerkennung, Transkription und Datensätze",core,active,,1287012056,available,,False,False,False,main,Python,MIT,[],1246,149,15,2026-07-02T09:47:11Z,2026-08-24T08:42:41Z,2026-08-25T06:17:40Z,2026-08-22,2026-08-25T15:30:14Z
